"","term","frequency"
"1","analytics",88
"2","data-scientist",81
"3","statistics",74
"4","modeling",71
"5","team",69
"6","programming",68
"7","communication",61
"8","data",61
"9","r-programming",58
"10","python",57
"11","machine-learning",55
"12","problem-solving",55
"13","design",45
"14","sql",45
"15","computer-science",44
"16","data-processing",42
"17","data-science",41
"18","engineering",40
"19","research",40
"20","software",39
"21","algorithms",38
"22","database",38
"23","data-mining",32
"24","data-visualization",32
"25","written",31
"26","mathematics",30
"27","decisions-science",28
"28","sas",27
"29","big-data",26
"30","artificial-intelligence",25
"31","description",25
"32","java",24
"33","working",24
"34","hadoop",23
"35","professional",23
"36","advanced",22
"37","consulting",21
"38","trends",21
"39","innovative",20
"40","approaches",19
"41","color",19
"42","current",19
"43","employer",19
"44","ensure",19
"45","external",19
"46","focused",19
"47","implement",19
"48","improve",19
"49","learn",19
"50","making",19
"51","organization",19
"52","orientation",19
"53","origin",19
"54","part",19
"55","people",19
"56","race",19
"57","relationships",19
"58","responsible",19
"59","structured",19
"60","tableau",19
"61","variety",19
"62","able",18
"63","applicants",18
"64","building",18
"65","collaborate",18
"66","com",18
"67","decisions",18
"68","duties",18
"69","economics",18
"70","education",18
"71","fast",18
"72","field",18
"73","focus",18
"74","healthcare",18
"75","meet",18
"76","office",18
"77","partners",18
"78","product",18
"79","religion",18
"80","sexual",18
"81","age",17
"82","closely",17
"83","creating",17
"84","existing",17
"85","impact",17
"86","lead",17
"87","leverage",17
"88","life",17
"89","may",17
"90","oriented",17
"91","provides",17
"92","providing",17
"93","qualified",17
"94","spark",17
"95","state",17
"96","successful",17
"97","unstructured",17
"98","verbal",17
"99","veteran",17
"100","benefits",16
"101","candidates",16
"102","community",16
"103","define",16
"104","effective",16
"105","effectively",16
"106","employees",16
"107","findings",16
"108","help",16
"109","identity",16
"110","leadership",16
"111","learning",16
"112","least",16
"113","recommendations",16
"114","regard",16
"115","relevant",16
"116","reporting",16
"117","requirements",16
"118","senior",16
"119","service",16
"120","sex",16
"121","solution",16
"122","system",16
"123","technology",16
"124","testing",16
"125","top",16
"126","understanding",16
"127","used",16
"128","value",16
"129","vision",16
"130","www",16
"131","achieve",15
"132","agile",15
"133","applying",15
"134","bachelor",15
"135","cloud-computing",15
"136","companies",15
"137","creative",15
"138","demonstrated",15
"139","designs",15
"140","different",15
"141","equivalent",15
"142","gender",15
"143","great",15
"144","health",15
"145","improvement",15
"146","integration",15
"147","multi",15
"148","operational",15
"149","paced",15
"150","source",15
"151","specific",15
"152","stakeholders",15
"153","strategic",15
"154","take",15
"155","using",15
"156","visit",15
"157","appropriate",14
"158","care",14
"159","computer",14
"160","consideration",14
"161","critical",14
"162","day",14
"163","deep",14
"164","department",14
"165","digital",14
"166","driven",14
"167","evaluate",14
"168","functional",14
"169","global",14
"170","good",14
"171","hands",14
"172","integrity",14
"173","knowledge",14
"174","location",14
"175","manage",14
"176","marketing",14
"177","math",14
"178","matlab",14
"179","mission",14
"180","needed",14
"181","networks",14
"182","person",14
"183","presentation",14
"184","processes",14
"185","provider",14
"186","science",14
"187","self",14
"188","success",14
"189","thinking",14
"190","travel",14
"191","works",14
"192","writing",14
"193","year",14
"194","ability",13
"195","activities",13
"196","additional",13
"197","also",13
"198","analysts",13
"199","automated",13
"200","basic",13
"201","clear",13
"202","collaborative",13
"203","committed",13
"204","datasets",13
"205","determine",13
"206","dynamic",13
"207","enhance",13
"208","future",13
"209","inc",13
"210","includes",13
"211","individuals",13
"212","like",13
"213","needs",13
"214","oral",13
"215","order",13
"216","outcomes",13
"217","platforms",13
"218","practices",13
"219","presentations",13
"220","proven",13
"221","qualifications",13
"222","questions",13
"223","required",13
"224","resume",13
"225","scale",13
"226","web",13
"227","world",13
"228","access",12
"229","action",12
"230","analyses",12
"231","areas",12
"232","capabilities",12
"233","class",12
"234","delivery",12
"235","developing",12
"236","enterprise",12
"237","expert",12
"238","extract",12
"239","functions",12
"240","group",12
"241","growing",12
"242","independently",12
"243","individual",12
"244","innovation",12
"245","insurance",12
"246","key",12
"247","local",12
"248","manager",12
"249","masters",12
"250","mathematical",12
"251","medical",12
"252","metrics",12
"253","plan",12
"254","platform",12
"255","prediction",12
"256","range",12
"257","regression",12
"258","require",12
"259","scientific",12
"260","staff",12
"261","strong",12
"262","systems",12
"263","test",12
"264","training",12
"265","unique",12
"266","analyzing",11
"267","audiences",11
"268","best",11
"269","better",11
"270","clustering",11
"271","code",11
"272","computing",11
"273","currently",11
"274","dedicated",11
"275","deep-learning",11
"276","designing",11
"277","develop",11
"278","discipline",11
"279","end",11
"280","engineers",11
"281","federal",11
"282","generate",11
"283","get",11
"284","groups",11
"285","growth",11
"286","guide",11
"287","include",11
"288","industries",11
"289","leader",11
"290","maintain",11
"291","necessary",11
"292","open",11
"293","optimize",11
"294","others",11
"295","packages",11
"296","partner",11
"297","plans",11
"298","potential",11
"299","present",11
"300","programs",11
"301","serve",11
"302","set",11
"303","similar",11
"304","standards",11
"305","states",11
"306","strategy",11
"307","user",11
"308","actionable",10
"309","area",10
"310","attention",10
"311","can",10
"312","challenges",10
"313","classification",10
"314","clinical",10
"315","competitive",10
"316","core",10
"317","cross",10
"318","dashboards",10
"319","develops",10
"320","discover",10
"321","domain",10
"322","employee",10
"323","essential",10
"324","execution",10
"325","expertise",10
"326","explore",10
"327","familiarity",10
"328","grow",10
"329","hive",10
"330","implementation",10
"331","initiatives",10
"332","insight",10
"333","interested",10
"334","issues",10
"335","large",10
"336","law",10
"337","leaders",10
"338","levels",10
"339","major",10
"340","member",10
"341","mentor",10
"342","methodologies",10
"343","named",10
"344","natural",10
"345","need",10
"346","network",10
"347","neural",10
"348","overview",10
"349","procedures",10
"350","produce",10
"351","provide",10
"352","public",10
"353","receive",10
"354","structures",10
"355","subject",10
"356","technical",10
"357","throughout",10
"358","use",10
"359","users",10
"360","visualizations",10
"361","way",10
"362","wide",10
"363","write",10
"364","academic",9
"365","accuracy",9
"366","address",9
"367","along",9
"368","applications",9
"369","assigned",9
"370","basis",9
"371","big",9
"372","career",9
"373","citizenship",9
"374","collaboration",9
"375","common",9
"376","consumer",9
"377","contact",9
"378","days",9
"379","demonstrate",9
"380","detail",9
"381","direct",9
"382","distributed",9
"383","ensuring",9
"384","every",9
"385","excel",9
"386","experts",9
"387","extraction",9
"388","find",9
"389","firm",9
"390","first",9
"391","following",9
"392","founded",9
"393","government",9
"394","hire",9
"395","hoc",9
"396","ideas",9
"397","industry",9
"398","integrated",9
"399","internal",9
"400","largest",9
"401","leads",9
"402","limited",9
"403","linear",9
"404","lives",9
"405","long",9
"406","managing",9
"407","manner",9
"408","meetings",9
"409","methodology",9
"410","minimum",9
"411","non",9
"412","objectives",9
"413","offers",9
"414","package",9
"415","participate",9
"416","patterns",9
"417","personal",9
"418","phd",9
"419","physical",9
"420","planning",9
"421","practical",9
"422","preferably",9
"423","prepare",9
"424","production",9
"425","professionals",9
"426","proficiency",9
"427","providers",9
"428","related",9
"429","report",9
"430","resources",9
"431","responsibilities",9
"432","right",9
"433","robust",9
"434","salary",9
"435","scala",9
"436","scalable",9
"437","sciences",9
"438","scientist",9
"439","security",9
"440","skill",9
"441","small",9
"442","solid",9
"443","tasks",9
"444","techniques",9
"445","term",9
"446","transform",9
"447","translate",9
"448","unit",9
"449","utilizing",9
"450","acumen",8
"451","advance",8
"452","architecture",8
"453","available",8
"454","aws",8
"455","behavior",8
"456","beyond",8
"457","bring",8
"458","capable",8
"459","claims",8
"460","clients",8
"461","coding",8
"462","collaboratewith",8
"463","come",8
"464","compensation",8
"465","comprehensive",8
"466","concepts",8
"467","conferences",8
"468","continuously",8
"469","contract",8
"470","cost",8
"471","culture",8
"472","deploy",8
"473","direction",8
"474","diverse",8
"475","document",8
"476","edge",8
"477","efficient",8
"478","environment",8
"479","excellence",8
"480","excellent",8
"481","experienced",8
"482","exploratory",8
"483","facing",8
"484","fortune",8
"485","graduate",8
"486","helps",8
"487","highest",8
"488","implemented",8
"489","including",8
"490","independent",8
"491","latest",8
"492","leading",8
"493","leveraging",8
"494","look",8
"495","master",8
"496","members",8
"497","minimal",8
"498","offer",8
"499","one",8
"500","operations",8
"501","optimization",8
"502","overall",8
"503","passion",8
"504","performing",8
"505","please",8
"506","policy",8
"507","practice",8
"508","prioritize",8
"509","proper",8
"510","recommend",8
"511","relational",8
"512","sales",8
"513","scripting",8
"514","see",8
"515","series",8
"516","social",8
"517","specifications",8
"518","standard",8
"519","strategies",8
"520","study",8
"521","summary",8
"522","supervision",8
"523","technologies",8
"524","title",8
"525","today",8
"526","together",8
"527","train",8
"528","united",8
"529","uses",8
"530","want",8
"531","abilities",7
"532","affirmative",7
"533","agencies",7
"534","america",7
"535","apply",7
"536","approach",7
"537","around",7
"538","art",7
"539","based",7
"540","benefit",7
"541","biology",7
"542","built",7
"543","change",7
"544","changing",7
"545","clearance",7
"546","comhelp",7
"547","company",7
"548","complete",7
"549","completed",7
"550","compliance",7
"551","computational",7
"552","context",7
"553","contribute",7
"554","creed",7
"555","customers",7
"556","cutting",7
"557","degree",7
"558","dental",7
"559","deployment",7
"560","directed",7
"561","directly",7
"562","disciplines",7
"563","efficiently",7
"564","effort",7
"565","emphasis",7
"566","encourage",7
"567","environmental",7
"568","environments",7
"569","evaluation",7
"570","exceptional",7
"571","expected",7
"572","experiences",7
"573","experiments",7
"574","exposure",7
"575","fields",7
"576","finance",7
"577","gathering",7
"578","goals",7
"579","guidance",7
"580","high",7
"581","hours",7
"582","identify",7
"583","immediate",7
"584","insights",7
"585","integrate",7
"586","interact",7
"587","just",7
"588","linux",7
"589","maintenance",7
"590","make",7
"591","managed",7
"592","management",7
"593","managers",7
"594","marital",7
"595","markets",7
"596","meaningful",7
"597","media",7
"598","methods",7
"599","monitor",7
"600","new",7
"601","nlp",7
"602","now",7
"603","objects",7
"604","operating",7
"605","pandas",7
"606","perform",7
"607","physics",7
"608","points",7
"609","population",7
"610","position",7
"611","positions",7
"612","presenting",7
"613","pricing",7
"614","private",7
"615","prototypes",7
"616","rapidly",7
"617","real",7
"618","record",7
"619","requests",7
"620","requires",7
"621","sector",7
"622","share",7
"623","significant",7
"624","site",7
"625","space",7
"626","superior",7
"627","supports",7
"628","talented",7
"629","trees",7
"630","understand",7
"631","unsupervised",7
"632","useful",7
"633","validate",7
"634","view",7
"635","well",7
"636","within",7
"637","across",6
"638","active",6
"639","among",6
"640","analyst",6
"641","applicable",6
"642","application",6
"643","approximately",6
"644","assignments",6
"645","automation",6
"646","bayesian",6
"647","build",6
"648","capture",6
"649","centers",6
"650","cleaning",6
"651","client",6
"652","collect",6
"653","collection",6
"654","combination",6
"655","commercial",6
"656","conduct",6
"657","continuous",6
"658","convey",6
"659","coordinate",6
"660","criteria",6
"661","cycle",6
"662","daily",6
"663","data-collection",6
"664","data-warehouse",6
"665","date",6
"666","deadlines",6
"667","deliver",6
"668","details",6
"669","director",6
"670","division",6
"671","documentation",6
"672","documents",6
"673","econometrics",6
"674","efforts",6
"675","employment",6
"676","enable",6
"677","enjoy",6
"678","established",6
"679","etl",6
"680","everything",6
"681","executive",6
"682","executives",6
"683","facilities",6
"684","firms",6
"685","five",6
"686","function",6
"687","gather",6
"688","generation",6
"689","given",6
"690","headquartered",6
"691","hypotheses",6
"692","ideal",6
"693","identifying",6
"694","image",6
"695","industrial",6
"696","international",6
"697","interpersonal",6
"698","junior",6
"699","know",6
"700","located",6
"701","locations",6
"702","matter",6
"703","mine",6
"704","nation",6
"705","north",6
"706","number",6
"707","numpy",6
"708","offices",6
"709","ongoing",6
"710","online",6
"711","opportunities",6
"712","organizational",6
"713","organizations",6
"714","party",6
"715","patient",6
"716","patients",6
"717","pay",6
"718","peers",6
"719","place",6
"720","player",6
"721","policies",6
"722","positive",6
"723","possible",6
"724","power",6
"725","predict",6
"726","primary",6
"727","priorities",6
"728","project",6
"729","promote",6
"730","proprietary",6
"731","protected",6
"732","proud",6
"733","qlikview",6
"734","recognized",6
"735","responsibility",6
"736","retail",6
"737","review",6
"738","risk",6
"739","safety",6
"740","san",6
"741","scripts",6
"742","search",6
"743","send",6
"744","serves",6
"745","setting",6
"746","simulation",6
"747","since",6
"748","someone",6
"749","sound",6
"750","start",6
"751","starter",6
"752","structure",6
"753","supporting",6
"754","talent",6
"755","tech",6
"756","text",6
"757","theory",6
"758","third",6
"759","timely",6
"760","track",6
"761","tracking",6
"762","various",6
"763","varying",6
"764","via",6
"765","will",6
"766","willing",6
"767","workforce",6
"768","addition",5
"769","ago",5
"770","architectures",5
"771","articulate",5
"772","assess",5
"773","assist",5
"774","assistance",5
"775","associated",5
"776","audience",5
"777","automate",5
"778","background",5
"779","believe",5
"780","bonus",5
"781","boston",5
"782","businesses",5
"783","capital",5
"784","careers",5
"785","center",5
"786","certifications",5
"787","challenging",5
"788","characteristic",5
"789","city",5
"790","clearly",5
"791","click",5
"792","colleagues",5
"793","combine",5
"794","comfortable",5
"795","communities",5
"796","compassion",5
"797","completion",5
"798","consistent",5
"799","consumers",5
"800","continued",5
"801","corporate",5
"802","corporation",5
"803","country",5
"804","customer",5
"805","data-wrangling",5
"806","defense",5
"807","delivering",5
"808","developer",5
"809","developers",5
"810","disabilities",5
"811","documented",5
"812","domains",5
"813","drive",5
"814","drug",5
"815","econometric",5
"816","ecosystem",5
"817","eeo",5
"818","efficiency",5
"819","english",5
"820","enough",5
"821","entrepreneurial",5
"822","especially",5
"823","execute",5
"824","expectations",5
"825","experience",5
"826","extracting",5
"827","facilitate",5
"828","family",5
"829","features",5
"830","feedback",5
"831","formats",5
"832","foundation",5
"833","general",5
"834","genetic",5
"835","google",5
"836","graph",5
"837","hbase",5
"838","higher",5
"839","hiring",5
"840","holidays",5
"841","home",5
"842","hospitals",5
"843","huge",5
"844","hypothesis",5
"845","implementing",5
"846","important",5
"847","influence",5
"848","innovations",5
"849","interest",5
"850","investment",5
"851","join",5
"852","keep",5
"853","lifecycle",5
"854","line",5
"855","live",5
"856","looking",5
"857","makes",5
"858","manages",5
"859","many",5
"860","mapreduce",5
"861","means",5
"862","monitoring",5
"863","motivated",5
"864","must",5
"865","nature",5
"866","news",5
"867","numerical",5
"868","object",5
"869","organize",5
"870","output",5
"871","per",5
"872","possess",5
"873","posted",5
"874","pre",5
"875","preferred",5
"876","principles",5
"877","prior",5
"878","provided",5
"879","queries",5
"880","recent",5
"881","regular",5
"882","reports",5
"883","reputation",5
"884","resolution",5
"885","revenue",5
"886","rewards",5
"887","run",5
"888","sap",5
"889","sci",5
"890","scientists",5
"891","scikit",5
"892","shape",5
"893","smart",5
"894","solver",5
"895","specifically",5
"896","spectrum",5
"897","statement",5
"898","studies",5
"899","submit",5
"900","supervised",5
"901","support",5
"902","tests",5
"903","things",5
"904","three",5
"905","trading",5
"906","traditional",5
"907","transforming",5
"908","trust",5
"909","type",5
"910","usage",5
"911","values",5
"912","veterans",5
"913","workers",5
"914","workflows",5
"915","workshops",5
"916","worldwide",5
"917","years",5
"918","york",5
"919","accept",4
"920","acquisition",4
"921","administration",4
"922","advantage",4
"923","agency",4
"924","algebra",4
"925","always",4
"926","amazon",4
"927","amounts",4
"928","annual",4
"929","another",4
"930","answer",4
"931","apache",4
"932","applicant",4
"933","applied",4
"934","applies",4
"935","aspects",4
"936","assumptions",4
"937","assurance",4
"938","bachelors",4
"939","balance",4
"940","become",4
"941","billion",4
"942","boosting",4
"943","bottom",4
"944","brand",4
"945","calculus",4
"946","call",4
"947","capability",4
"948","case",4
"949","certification",4
"950","chain",4
"951","changes",4
"952","characteristics",4
"953","clean",4
"954","commitment",4
"955","communicates",4
"956","compelling",4
"957","comprised",4
"958","conclusions",4
"959","conducting",4
"960","conducts",4
"961","consider",4
"962","considered",4
"963","consultants",4
"964","content",4
"965","contractor",4
"966","contributes",4
"967","contributions",4
"968","control",4
"969","countries",4
"970","create",4
"971","created",4
"972","creation",4
"973","creatively",4
"974","deliverables",4
"975","demand",4
"976","dependent",4
"977","desirable",4
"978","desired",4
"979","developed",4
"980","developments",4
"981","difference",4
"982","discovering",4
"983","discrimination",4
"984","distill",4
"985","distributions",4
"986","done",4
"987","drives",4
"988","effectiveness",4
"989","electronic",4
"990","eligible",4
"991","email",4
"992","energy",4
"993","engage",4
"994","engagement",4
"995","engineer",4
"996","equity",4
"997","establish",4
"998","events",4
"999","exciting",4
"1000","expand",4
"1001","experiment",4
"1002","explain",4
"1003","factors",4
"1004","familiar",4
"1005","feature",4
"1006","fit",4
"1007","flexible",4
"1008","flow",4
"1009","follow",4
"1010","formal",4
"1011","forms",4
"1012","forward",4
"1013","free",4
"1014","front",4
"1015","funds",4
"1016","geospatial",4
"1017","give",4
"1018","going",4
"1019","hand",4
"1020","handle",4
"1021","hard",4
"1022","hardware",4
"1023","hdfs",4
"1024","headquarters",4
"1025","hidden",4
"1026","house",4
"1027","houston",4
"1028","http",4
"1029","improvements",4
"1030","improving",4
"1031","inference",4
"1032","inform",4
"1033","infrastructure",4
"1034","initial",4
"1035","initiative",4
"1036","institute",4
"1037","integrating",4
"1038","intelligent",4
"1039","interactions",4
"1040","interactive",4
"1041","interesting",4
"1042","interpret",4
"1043","interpretation",4
"1044","interview",4
"1045","investigation",4
"1046","judgment",4
"1047","laboratory",4
"1048","libraries",4
"1049","likely",4
"1050","logic",4
"1051","low",4
"1052","made",4
"1053","magazine",4
"1054","maintains",4
"1055","manipulation",4
"1056","map",4
"1057","massive",4
"1058","mature",4
"1059","measures",4
"1060","mental",4
"1061","mid",4
"1062","military",4
"1063","million",4
"1064","millions",4
"1065","mix",4
"1066","mobile",4
"1067","oracle",4
"1068","paid",4
"1069","participation",4
"1070","passionate",4
"1071","phases",4
"1072","physician",4
"1073","pipelines",4
"1074","placement",4
"1075","places",4
"1076","plus",4
"1077","point",4
"1078","preparation",4
"1079","principal",4
"1080","probability",4
"1081","products",4
"1082","profile",4
"1083","prototype",4
"1084","purpose",4
"1085","quantitative-analysis",4
"1086","query",4
"1087","querying",4
"1088","quickly",4
"1089","rapid",4
"1090","ready",4
"1091","reasonable",4
"1092","recruiting",4
"1093","regarding",4
"1094","requirement",4
"1095","resource",4
"1096","respect",4
"1097","response",4
"1098","results",4
"1099","retrieval",4
"1100","reviews",4
"1101","root",4
"1102","savings",4
"1103","scipy",4
"1104","scope",4
"1105","secret",4
"1106","seeks",4
"1107","select",4
"1108","sense",4
"1109","services",4
"1110","several",4
"1111","single",4
"1112","sites",4
"1113","solutions",4
"1114","sponsorship",4
"1115","spss",4
"1116","stata",4
"1117","status",4
"1118","store",4
"1119","strongly",4
"1120","successfully",4
"1121","super",4
"1122","svm",4
"1123","table",4
"1124","tactical",4
"1125","tell",4
"1126","teradata",4
"1127","texas",4
"1128","thinker",4
"1129","tool",4
"1130","topic",4
"1131","topics",4
"1132","transportation",4
"1133","troubleshooting",4
"1134","tuition",4
"1135","types",4
"1136","units",4
"1137","upon",4
"1138","utilize",4
"1139","vacation",4
"1140","visualize",4
"1141","ways",4
"1142","website",4
"1143","whether",4
"1144","winning",4
"1145","without",4
"1146","accommodation",3
"1147","according",3
"1148","accountability",3
"1149","accumulo",3
"1150","act",3
"1151","actions",3
"1152","actively",3
"1153","adapt",3
"1154","adapting",3
"1155","add",3
"1156","administrative",3
"1157","advantages",3
"1158","advertising",3
"1159","aim",3
"1160","alongside",3
"1161","amount",3
"1162","analyzes",3
"1163","ancestry",3
"1164","appropriately",3
"1165","architects",3
"1166","artificial",3
"1167","assortment",3
"1168","atlanta",3
"1169","attend",3
"1170","authorized",3
"1171","availability",3
"1172","award",3
"1173","azure",3
"1174","base",3
"1175","brands",3
"1176","broad",3
"1177","broaden",3
"1178","budget",3
"1179","builds",3
"1180","business",3
"1181","candidate",3
"1182","car",3
"1183","carry",3
"1184","cases",3
"1185","casual",3
"1186","catalyst",3
"1187","category",3
"1188","centric",3
"1189","challenge",3
"1190","chief",3
"1191","civilian",3
"1192","classifiers",3
"1193","close",3
"1194","collaboratively",3
"1195","combines",3
"1196","command",3
"1197","comparable",3
"1198","compassionate",3
"1199","completeness",3
"1200","complex",3
"1201","complexity",3
"1202","components",3
"1203","concept",3
"1204","confidence",3
"1205","construction",3
"1206","consultative",3
"1207","continue",3
"1208","continues",3
"1209","contributing",3
"1210","coordinates",3
"1211","coordination",3
"1212","coupled",3
"1213","curiosity",3
"1214","custom",3
"1215","cybersecurity",3
"1216","dallas",3
"1217","data-governance",3
"1218","data-warehousing",3
"1219","datastage",3
"1220","deeper",3
"1221","defining",3
"1222","degrees",3
"1223","delivered",3
"1224","delivers",3
"1225","demonstrates",3
"1226","demonstrating",3
"1227","departments",3
"1228","deploying",3
"1229","depth",3
"1230","designed",3
"1231","detection",3
"1232","development",3
"1233","devices",3
"1234","devops",3
"1235","diego",3
"1236","dignity",3
"1237","disciplinary",3
"1238","discovery",3
"1239","dollar",3
"1240","draw",3
"1241","driving",3
"1242","due",3
"1243","early",3
"1244","easily",3
"1245","edit",3
"1246","educate",3
"1247","either",3
"1248","elicit",3
"1249","embrace",3
"1250","emerging",3
"1251","employed",3
"1252","employers",3
"1253","employing",3
"1254","engagements",3
"1255","engaging",3
"1256","england",3
"1257","enhanced",3
"1258","enhancement",3
"1259","enhancing",3
"1260","ensemble",3
"1261","ensures",3
"1262","enthusiastic",3
"1263","entire",3
"1264","epidemiology",3
"1265","equal",3
"1266","equipment",3
"1267","establishing",3
"1268","evaluating",3
"1269","executing",3
"1270","expression",3
"1271","extending",3
"1272","extensive",3
"1273","extremely",3
"1274","fastest",3
"1275","feel",3
"1276","final",3
"1277","financial",3
"1278","fixed",3
"1279","florida",3
"1280","focusing",3
"1281","food",3
"1282","footprint",3
"1283","forecasting",3
"1284","form",3
"1285","fort",3
"1286","founding",3
"1287","framework",3
"1288","frameworks",3
"1289","freestanding",3
"1290","frequent",3
"1291","fulfill",3
"1292","full",3
"1293","fully",3
"1294","gain",3
"1295","game",3
"1296","gaps",3
"1297","generating",3
"1298","goal",3
"1299","healthy",3
"1300","held",3
"1301","helping",3
"1302","hospital",3
"1303","host",3
"1304","hour",3
"1305","hundreds",3
"1306","ideally",3
"1307","identified",3
"1308","images",3
"1309","imaging",3
"1310","impacting",3
"1311","inception",3
"1312","incorporating",3
"1313","increase",3
"1314","indicators",3
"1315","informatics",3
"1316","institutions",3
"1317","intended",3
"1318","interaction",3
"1319","interdisciplinary",3
"1320","internally",3
"1321","jersey",3
"1322","jobs",3
"1323","joining",3
"1324","journals",3
"1325","known",3
"1326","leave",3
"1327","less",3
"1328","level",3
"1329","leverages",3
"1330","lieu",3
"1331","limitations",3
"1332","lines",3
"1333","list",3
"1334","logistic-regression",3
"1335","louis",3
"1336","love",3
"1337","maintaining",3
"1338","manhattan",3
"1339","manipulating",3
"1340","marketplace",3
"1341","match",3
"1342","materials",3
"1343","matrix",3
"1344","maturity",3
"1345","measure",3
"1346","membership",3
"1347","met",3
"1348","method",3
"1349","metro",3
"1350","mind",3
"1351","mindset",3
"1352","minorities",3
"1353","missions",3
"1354","modern",3
"1355","month",3
"1356","monthly",3
"1357","motor",3
"1358","multivariate",3
"1359","nearly",3
"1360","next",3
"1361","note",3
"1362","obtained",3
"1363","occasionally",3
"1364","offering",3
"1365","offerings",3
"1366","operate",3
"1367","operationalize",3
"1368","opportunity",3
"1369","optimizing",3
"1370","organized",3
"1371","outputs",3
"1372","oversee",3
"1373","owned",3
"1374","papers",3
"1375","performed",3
"1376","performs",3
"1377","persons",3
"1378","pharmaceutical",3
"1379","physicians",3
"1380","pipeline",3
"1381","play",3
"1382","post",3
"1383","precision",3
"1384","pregnancy",3
"1385","preparing",3
"1386","prescriptive",3
"1387","presents",3
"1388","previous",3
"1389","privately",3
"1390","proactive",3
"1391","proactively",3
"1392","productive",3
"1393","proficient",3
"1394","projects",3
"1395","proof",3
"1396","properly",3
"1397","property",3
"1398","prototyping",3
"1399","pto",3
"1400","publications",3
"1401","qualitative",3
"1402","quantify",3
"1403","random",3
"1404","recognition",3
"1405","recognize",3
"1406","recruit",3
"1407","reduce",3
"1408","regional",3
"1409","regulatory",3
"1410","reimbursement",3
"1411","reliability",3
"1412","reliable",3
"1413","relocate",3
"1414","rely",3
"1415","remote",3
"1416","remotely",3
"1417","result",3
"1418","resulting",3
"1419","resumes",3
"1420","rewarding",3
"1421","risks",3
"1422","role",3
"1423","roles",3
"1424","rules",3
"1425","schedule",3
"1426","schedules",3
"1427","scientistjob",3
"1428","seeking",3
"1429","sensor",3
"1430","server",3
"1431","sessions",3
"1432","settings",3
"1433","sharing",3
"1434","side",3
"1435","situations",3
"1436","smarter",3
"1437","something",3
"1438","soon",3
"1439","sophisticated",3
"1440","speaking",3
"1441","special",3
"1442","specialty",3
"1443","stability",3
"1444","staffing",3
"1445","stand",3
"1446","step",3
"1447","stores",3
"1448","stories",3
"1449","strategically",3
"1450","streams",3
"1451","strives",3
"1452","subsidiary",3
"1453","substantial",3
"1454","suitable",3
"1455","supervisor",3
"1456","supply",3
"1457","supported",3
"1458","survival",3
"1459","taking",3
"1460","tampa",3
"1461","targeted",3
"1462","teammates",3
"1463","thorough",3
"1464","thought",3
"1465","time",3
"1466","total",3
"1467","touch",3
"1468","toward",3
"1469","towards",3
"1470","transformation",3
"1471","tree",3
"1472","trials",3
"1473","typically",3
"1474","uncover",3
"1475","understands",3
"1476","utilization",3
"1477","validation",3
"1478","valuable",3
"1479","valued",3
"1480","vast",3
"1481","vba",3
"1482","vendor",3
"1483","verbally",3
"1484","video",3
"1485","visa",3
"1486","visualizing",3
"1487","volumes",3
"1488","week",3
"1489","whole",3
"1490","work",3
"1491","worked",3
"1492","worth",3
"1493","yrs",3
"1494","abreast",2
"1495","academia",2
"1496","accessing",2
"1497","accommodations",2
"1498","account",2
"1499","accountable",2
"1500","accounts",2
"1501","accredited",2
"1502","achievement",2
"1503","achievements",2
"1504","acquire",2
"1505","acquisitions",2
"1506","acts",2
"1507","actuarial",2
"1508","additionally",2
"1509","addressing",2
"1510","adhere",2
"1511","administrators",2
"1512","adobe",2
"1513","advancement",2
"1514","advancements",2
"1515","advances",2
"1516","advantageous",2
"1517","advice",2
"1518","advisory",2
"1519","aerial",2
"1520","afraid",2
"1521","agents",2
"1522","agricultural",2
"1523","agronomists",2
"1524","allow",2
"1525","allows",2
"1526","already",2
"1527","alternate",2
"1528","alternative",2
"1529","angles",2
"1530","annually",2
"1531","api",2
"1532","applicability",2
"1533","aptitude",2
"1534","arm",2
"1535","array",2
"1536","asap",2
"1537","ask",2
"1538","assessments",2
"1539","asset",2
"1540","assets",2
"1541","associate",2
"1542","associates",2
"1543","assume",2
"1544","attributes",2
"1545","authority",2
"1546","automating",2
"1547","automotive",2
"1548","autonomous",2
"1549","average",2
"1550","back",2
"1551","basics",2
"1552","beautiful",2
"1553","believes",2
"1554","beneficial",2
"1555","billions",2
"1556","board",2
"1557","bonuses",2
"1558","box",2
"1559","break",2
"1560","brightest",2
"1561","broader",2
"1562","brokerage",2
"1563","brokers",2
"1564","california",2
"1565","cancer",2
"1566","capacity",2
"1567","captured",2
"1568","cars",2
"1569","cartography",2
"1570","cassandra",2
"1571","cause",2
"1572","causes",2
"1573","cell",2
"1574","centered",2
"1575","certificates",2
"1576","certified",2
"1577","chairman",2
"1578","charts",2
"1579","checks",2
"1580","china",2
"1581","choice",2
"1582","chosen",2
"1583","churn",2
"1584","cissp",2
"1585","citizen",2
"1586","cleansing",2
"1587","clinicians",2
"1588","cloudy",2
"1589","coach",2
"1590","coeur",2
"1591","collected",2
"1592","collecting",2
"1593","collections",2
"1594","combined",2
"1595","comfort",2
"1596","committee",2
"1597","communicated",2
"1598","completing",2
"1599","complicated",2
"1600","comprehension",2
"1601","concise",2
"1602","conditions",2
"1603","conference",2
"1604","confident",2
"1605","considers",2
"1606","consolidate",2
"1607","constant",2
"1608","construct",2
"1609","consult",2
"1610","consultant",2
"1611","consultation",2
"1612","consume",2
"1613","contacts",2
"1614","contextual",2
"1615","continually",2
"1616","contracts",2
"1617","contributor",2
"1618","controlled",2
"1619","conventions",2
"1620","conversion",2
"1621","cooperative",2
"1622","coordinating",2
"1623","corp",2
"1624","courses",2
"1625","coverage",2
"1626","creates",2
"1627","creve",2
"1628","criminal",2
"1629","crm",2
"1630","crop",2
"1631","cto",2
"1632","curate",2
"1633","customized",2
"1634","dashboard",2
"1635","data-cleansing",2
"1636","deadline",2
"1637","dealing",2
"1638","defines",2
"1639","demands",2
"1640","demonstrations",2
"1641","departmental",2
"1642","derive",2
"1643","derived",2
"1644","deriving",2
"1645","describe",2
"1646","described",2
"1647","descriptionthe",2
"1648","detailed",2
"1649","determined",2
"1650","diagnosis",2
"1651","diagnostics",2
"1652","diagrams",2
"1653","differences",2
"1654","disabled",2
"1655","disciplined",2
"1656","discriminate",2
"1657","discussions",2
"1658","disparate",2
"1659","distributed-file-system",2
"1660","distribution",2
"1661","diversity",2
"1662","divisions",2
"1663","doctorate",2
"1664","documenting",2
"1665","dod",2
"1666","doe",2
"1667","domestic",2
"1668","don",2
"1669","drawbacks",2
"1670","dress",2
"1671","drinks",2
"1672","drivers",2
"1673","earn",2
"1674","economic",2
"1675","educational",2
"1676","efficacy",2
"1677","efficiencies",2
"1678","ehr",2
"1679","electric",2
"1680","embedded",2
"1681","employ",2
"1682","emr",2
"1683","enabling",2
"1684","encounters",2
"1685","encouraged",2
"1686","enhancements",2
"1687","enrich",2
"1688","enrollment",2
"1689","entertainment",2
"1690","entity",2
"1691","eoe",2
"1692","epic",2
"1693","error",2
"1694","even",2
"1695","evidence",2
"1696","evolve",2
"1697","exactly",2
"1698","examine",2
"1699","examples",2
"1700","excited",2
"1701","exercise",2
"1702","expanding",2
"1703","expect",2
"1704","expenditures",2
"1705","experimental",2
"1706","exploring",2
"1707","express",2
"1708","extended",2
"1709","extension",2
"1710","externally",2
"1711","eye",2
"1712","facebook",2
"1713","faculty",2
"1714","fans",2
"1715","farmers",2
"1716","feature-engineering",2
"1717","females",2
"1718","files",2
"1719","filings",2
"1720","finger",2
"1721","firmly",2
"1722","flex",2
"1723","flexibility",2
"1724","floor",2
"1725","focuses",2
"1726","force",2
"1727","ford",2
"1728","forecasts",2
"1729","forest",2
"1730","forests",2
"1731","four",2
"1732","francisco",2
"1733","fresh",2
"1734","functionality",2
"1735","functionally",2
"1736","fundamental",2
"1737","funding",2
"1738","gas",2
"1739","generalized",2
"1740","generated",2
"1741","genetics",2
"1742","geoint",2
"1743","georgia",2
"1744","git",2
"1745","glm",2
"1746","globally",2
"1747","globe",2
"1748","goes",2
"1749","grade",2
"1750","graphical",2
"1751","graphs",2
"1752","greater",2
"1753","greatest",2
"1754","gurobi",2
"1755","gym",2
"1756","hana",2
"1757","handling",2
"1758","happy",2
"1759","harassment",2
"1760","hardworking",2
"1761","haves",2
"1762","hca",2
"1763","head",2
"1764","healing",2
"1765","healthier",2
"1766","heart",2
"1767","heterogeneous",2
"1768","highly",2
"1769","hii",2
"1770","hill",2
"1771","history",2
"1772","homeland",2
"1773","honesty",2
"1774","hope",2
"1775","household",2
"1776","html",2
"1777","human",2
"1778","huntington",2
"1779","hybrids",2
"1780","identification",2
"1781","identifies",2
"1782","imagery",2
"1783","immediately",2
"1784","implementations",2
"1785","implements",2
"1786","importance",2
"1787","inclusive",2
"1788","increases",2
"1789","incumbent",2
"1790","india",2
"1791","informal",2
"1792","information",2
"1793","informed",2
"1794","informs",2
"1795","ingalls",2
"1796","ingest",2
"1797","inpatient",2
"1798","input",2
"1799","inputs",2
"1800","installation",2
"1801","instrumentation",2
"1802","insured",2
"1803","intellectual",2
"1804","inter",2
"1805","interests",2
"1806","interface",2
"1807","invent",2
"1808","investigate",2
"1809","investigators",2
"1810","investments",2
"1811","investors",2
"1812","invite",2
"1813","involved",2
"1814","involves",2
"1815","iteration",2
"1816","iterations",2
"1817","job",2
"1818","johnson",2
"1819","json",2
"1820","kafka",2
"1821","kingdom",2
"1822","knn",2
"1823","knowing",2
"1824","knowledgeable",2
"1825","kpi",2
"1826","league",2
"1827","learningexperience",2
"1828","library",2
"1829","licenses",2
"1830","licensing",2
"1831","link",2
"1832","linkedin",2
"1833","listening",2
"1834","little",2
"1835","locally",2
"1836","lot",2
"1837","ltd",2
"1838","lunches",2
"1839","machines",2
"1840","macro",2
"1841","main",2
"1842","makers",2
"1843","manipulate",2
"1844","manufacture",2
"1845","mapping",2
"1846","market",2
"1847","matching",2
"1848","matplotlib",2
"1849","maximum",2
"1850","mdm",2
"1851","measurable",2
"1852","measured",2
"1853","measuring",2
"1854","medicaid",2
"1855","medicare",2
"1856","medicine",2
"1857","metadata",2
"1858","methodological",2
"1859","metric",2
"1860","michigan",2
"1861","microsoft",2
"1862","microstrategy",2
"1863","milestones",2
"1864","milton",2
"1865","miningstrong",2
"1866","mixture",2
"1867","model-selection",2
"1868","modelling",2
"1869","modernizing",2
"1870","modified",2
"1871","moments",2
"1872","mon",2
"1873","monday",2
"1874","months",2
"1875","mountain",2
"1876","move",2
"1877","msja",2
"1878","multiple",2
"1879","nashville",2
"1880","national",2
"1881","nationally",2
"1882","nationwide",2
"1883","navigate",2
"1884","never",2
"1885","none",2
"1886","nonlinear",2
"1887","novel",2
"1888","numbers",2
"1889","numerous",2
"1890","nursing",2
"1891","nyc",2
"1892","officer",2
"1893","oncology",2
"1894","onsite",2
"1895","openings",2
"1896","operated",2
"1897","operation",2
"1898","options",2
"1899","org",2
"1900","outside",2
"1901","outsourcing",2
"1902","outstanding",2
"1903","overnight",2
"1904","oversight",2
"1905","owner",2
"1906","owners",2
"1907","owns",2
"1908","page",2
"1909","participates",2
"1910","particular",2
"1911","parties",2
"1912","partnersability",2
"1913","partnership",2
"1914","past",2
"1915","payers",2
"1916","peer",2
"1917","percent",2
"1918","performance",2
"1919","periodic",2
"1920","personalized",2
"1921","personally",2
"1922","personnel",2
"1923","perspective",2
"1924","philadelphia",2
"1925","pig",2
"1926","pivot",2
"1927","portfolio",2
"1928","portland",2
"1929","possesses",2
"1930","possibilities",2
"1931","postgres",2
"1932","posting",2
"1933","powerful",2
"1934","precise",2
"1935","predictions",2
"1936","premier",2
"1937","prepared",2
"1938","prepares",2
"1939","prescription",2
"1940","pressing",2
"1941","primarily",2
"1942","producing",2
"1943","productivity",2
"1944","professionalism",2
"1945","profit",2
"1946","profitable",2
"1947","profits",2
"1948","progress",2
"1949","projections",2
"1950","properties",2
"1951","proposals",2
"1952","protocol",2
"1953","publicly",2
"1954","puppet",2
"1955","purposes",2
"1956","putting",2
"1957","qlik",2
"1958","qualificationsminimum",2
"1959","qualificationsrequired",2
"1960","qualificationsthe",2
"1961","quality",2
"1962","rate",2
"1963","rates",2
"1964","raw",2
"1965","reach",2
"1966","reading",2
"1967","realize",2
"1968","really",2
"1969","recently",2
"1970","recommender",2
"1971","records",2
"1972","recruitment",2
"1973","redhat",2
"1974","redis",2
"1975","redmond",2
"1976","redshift",2
"1977","reduction",2
"1978","refer",2
"1979","refine",2
"1980","region",2
"1981","registrations",2
"1982","regularly",2
"1983","relating",2
"1984","relation",2
"1985","relevance",2
"1986","reported",2
"1987","repositories",2
"1988","represent",2
"1989","request",2
"1990","requested",2
"1991","requiring",2
"1992","reserves",2
"1993","resolve",2
"1994","respected",2
"1995","respective",2
"1996","respond",2
"1997","retain",2
"1998","retaining",2
"1999","retirement",2
"2000","retrieve",2
"2001","reveal",2
"2002","reviewed",2
"2003","rewarded",2
"2004","rich",2
"2005","ruby",2
"2006","running",2
"2007","satisfaction",2
"2008","save",2
"2009","scaling",2
"2010","school",2
"2011","scientistlocation",2
"2012","screening",2
"2013","searching",2
"2014","section",2
"2015","secure",2
"2016","securities",2
"2017","segmentation",2
"2018","selecting",2
"2019","selection",2
"2020","sensors",2
"2021","sentiment-analysis",2
"2022","shared",2
"2023","sharepoint",2
"2024","shares",2
"2025","shift",2
"2026","sick",2
"2027","silicon",2
"2028","simultaneously",2
"2029","six",2
"2030","skilled",2
"2031","skillset",2
"2032","snacks",2
"2033","sounds",2
"2034","sources",2
"2035","specialists",2
"2036","specialized",2
"2037","specializes",2
"2038","spend",2
"2039","sports",2
"2040","spotfire",2
"2041","square",2
"2042","stage",2
"2043","stakeholder",2
"2044","started",2
"2045","stay",2
"2046","stephen",2
"2047","stochastic",2
"2048","storage",2
"2049","storm",2
"2050","story",2
"2051","straight",2
"2052","strength",2
"2053","strengths",2
"2054","strive",2
"2055","student",2
"2056","students",2
"2057","studio",2
"2058","submitting",2
"2059","substituted",2
"2060","sufficient",2
"2061","suite",2
"2062","summarythe",2
"2063","supervises",2
"2064","supervisory",2
"2065","surgery",2
"2066","surveys",2
"2067","sustainability",2
"2068","switch",2
"2069","talks",2
"2070","tangible",2
"2071","tap",2
"2072","target",2
"2073","task",2
"2074","tasking",2
"2075","tax",2
"2076","tdevelop",2
"2077","teamwork",2
"2078","technically",2
"2079","tensorflow",2
"2080","terabyte",2
"2081","terminology",2
"2082","terms",2
"2083","theoretical",2
"2084","therapies",2
"2085","think",2
"2086","ticket",2
"2087","tier",2
"2088","tight",2
"2089","times",2
"2090","toolkits",2
"2091","transfer",2
"2092","transformations",2
"2093","transition",2
"2094","translates",2
"2095","translating",2
"2096","transparency",2
"2097","trend",2
"2098","tune",2
"2099","tuning",2
"2100","turn",2
"2101","two",2
"2102","ultimately",2
"2103","uncertain",2
"2104","underlying",2
"2105","underwriting",2
"2106","university",2
"2107","unix",2
"2108","unlawful",2
"2109","updated",2
"2110","ups",2
"2111","utility",2
"2112","variable",2
"2113","variables",2
"2114","vary",2
"2115","vector",2
"2116","verification",2
"2117","verify",2
"2118","verifying",2
"2119","videos",2
"2120","virginia",2
"2121","visiting",2
"2122","volume",2
"2123","volunteer",2
"2124","voted",2
"2125","weaknesses",2
"2126","weekly",2
"2127","willingness",2
"2128","win",2
"2129","word",2
"2130","workload",2
"2131","writes",2
"2132","xml",2
"2133","yarn",2
"2134","yes",2
"2135","yet",2
"2136","yield",2
"2137","zero",2
"2138","abilitiesexpert",1
"2139","abstracts",1
"2140","abuse",1
"2141","accelerate",1
"2142","accelerating",1
"2143","accessed",1
"2144","accident",1
"2145","accidental",1
"2146","accommodate",1
"2147","accomplished",1
"2148","accomplishments",1
"2149","accordance",1
"2150","accounting",1
"2151","accreditation",1
"2152","accrued",1
"2153","accuracyexpert",1
"2154","accurate",1
"2155","accurately",1
"2156","achievers",1
"2157","achieving",1
"2158","aco",1
"2159","acquires",1
"2160","acquiring",1
"2161","acting",1
"2162","actionperforms",1
"2163","activity",1
"2164","actual",1
"2165","actuals",1
"2166","actuaries",1
"2167","acumenstrong",1
"2168","adaptability",1
"2169","adaptive",1
"2170","adas",1
"2171","adding",1
"2172","additions",1
"2173","adeptness",1
"2174","adequately",1
"2175","administer",1
"2176","administrationlocation",1
"2177","adolescence",1
"2178","adopt",1
"2179","adoption",1
"2180","adt",1
"2181","adult",1
"2182","advancing",1
"2183","advert",1
"2184","advisers",1
"2185","advises",1
"2186","advisor",1
"2187","advisors",1
"2188","advocacy",1
"2189","advocate",1
"2190","advocates",1
"2191","adwords",1
"2192","aerospace",1
"2193","affiliate",1
"2194","affiliates",1
"2195","affiliations",1
"2196","aggregate",1
"2197","aggregated",1
"2198","aggregates",1
"2199","agriculture",1
"2200","agronomic",1
"2201","ahrq",1
"2202","aid",1
"2203","aidet",1
"2204","aiming",1
"2205","air",1
"2206","alabama",1
"2207","align",1
"2208","aligned",1
"2209","aligning",1
"2210","alignment",1
"2211","allen",1
"2212","alliance",1
"2213","allocation",1
"2214","alone",1
"2215","alpha",1
"2216","alphaconsulting",1
"2217","alphalens",1
"2218","altamira",1
"2219","altec",1
"2220","alternatives",1
"2221","alteryx",1
"2222","although",1
"2223","amazing",1
"2224","ambient",1
"2225","ambiguity",1
"2226","ambiguous",1
"2227","ambitious",1
"2228","ambulatory",1
"2229","amenable",1
"2230","americas",1
"2231","amidst",1
"2232","amsted",1
"2233","amstedrail",1
"2234","amtexsystems",1
"2235","analysisaggregate",1
"2236","analysisanalyzing",1
"2237","analysisapply",1
"2238","analysisconduct",1
"2239","analysisdevelop",1
"2240","analysismaximize",1
"2241","analysistravel",1
"2242","analystexperience",1
"2243","analystrisk",1
"2244","analyticaldesired",1
"2245","analyticrecruiting",1
"2246","analyticsexperience",1
"2247","analyticsmodellinga",1
"2248","analyticsreports",1
"2249","analyzed",1
"2250","anchor",1
"2251","ancillary",1
"2252","animal",1
"2253","anomalies",1
"2254","anomaly",1
"2255","ansible",1
"2256","answers",1
"2257","anticipate",1
"2258","anticipates",1
"2259","anyone",1
"2260","anything",1
"2261","anywhere",1
"2262","apex",1
"2263","apexsystems",1
"2264","apexsystemsinc",1
"2265","apisexperience",1
"2266","appeal",1
"2267","appeals",1
"2268","appetite",1
"2269","appliances",1
"2270","applicablecarolinas",1
"2271","applicationspropose",1
"2272","appraised",1
"2273","approachcurrent",1
"2274","approached",1
"2275","approachidentify",1
"2276","approval",1
"2277","approve",1
"2278","approved",1
"2279","april",1
"2280","aptitudeexcellent",1
"2281","aptrack",1
"2282","arcgis",1
"2283","architect",1
"2284","architecting",1
"2285","architecturesexperience",1
"2286","arise",1
"2287","arises",1
"2288","arising",1
"2289","arshadsr",1
"2290","articles",1
"2291","articulating",1
"2292","asha",1
"2293","asia",1
"2294","aspect",1
"2295","aspentech",1
"2296","aspirations",1
"2297","asr",1
"2298","assemble",1
"2299","assembly",1
"2300","assesses",1
"2301","assessment",1
"2302","assetexperience",1
"2303","assignedminimum",1
"2304","assimilate",1
"2305","assistant",1
"2306","assisting",1
"2307","assumed",1
"2308","assuming",1
"2309","atop",1
"2310","atrium",1
"2311","atriumhealth",1
"2312","attached",1
"2313","attachment",1
"2314","attainable",1
"2315","attendance",1
"2316","attitude",1
"2317","attract",1
"2318","attracts",1
"2319","attribution",1
"2320","attrition",1
"2321","audiencelocal",1
"2322","audiencesdetailed",1
"2323","audio",1
"2324","audits",1
"2325","austin",1
"2326","authenticity",1
"2327","author",1
"2328","authors",1
"2329","automationexperience",1
"2330","automationperform",1
"2331","automotiveprimary",1
"2332","autonomously",1
"2333","autotrader",1
"2334","availabilityqualifications",1
"2335","ave",1
"2336","awarded",1
"2337","awarding",1
"2338","aware",1
"2339","awareness",1
"2340","awesome",1
"2341","awsyour",1
"2342","babies",1
"2343","backed",1
"2344","backend",1
"2345","backgroundbi",1
"2346","backgroundexperience",1
"2347","backgroundyears",1
"2348","backgroundyou",1
"2349","backtesting",1
"2350","backtests",1
"2351","backup",1
"2352","bagel",1
"2353","bagging",1
"2354","bangalore",1
"2355","bank",1
"2356","banking",1
"2357","banks",1
"2358","baseball",1
"2359","bash",1
"2360","basispi",1
"2361","bayes",1
"2362","bearing",1
"2363","begin",1
"2364","begins",1
"2365","behave",1
"2366","behavioral",1
"2367","belief",1
"2368","benchmark",1
"2369","benchmarking",1
"2370","benefitsaltec",1
"2371","benefitspaid",1
"2372","berkeley",1
"2373","bertner",1
"2374","bias",1
"2375","bigtable",1
"2376","billing",1
"2377","biotechnology",1
"2378","birmingham",1
"2379","birth",1
"2380","bits",1
"2381","blend",1
"2382","bloodstream",1
"2383","blue",1
"2384","blueoptima",1
"2385","blueoptimas",1
"2386","boards",1
"2387","bobj",1
"2388","boca",1
"2389","bolster",1
"2390","bonuscomprehensive",1
"2391","book",1
"2392","books",1
"2393","boosted",1
"2394","booz",1
"2395","borders",1
"2396","bose",1
"2397","bots",1
"2398","bound",1
"2399","boundaries",1
"2400","boy",1
"2401","bpc",1
"2402","brain",1
"2403","brainstorming",1
"2404","brainworks",1
"2405","brainworksinc",1
"2406","branch",1
"2407","brandflexibly",1
"2408","breaking",1
"2409","breakthrough",1
"2410","breakthroughs",1
"2411","breast",1
"2412","breathe",1
"2413","brew",1
"2414","brick",1
"2415","bridge",1
"2416","brief",1
"2417","briefings",1
"2418","briefly",1
"2419","briefs",1
"2420","brilliance",1
"2421","broker",1
"2422","bronx",1
"2423","bsamsung",1
"2424","bsee",1
"2425","bson",1
"2426","buildingtenor",1
"2427","bureau",1
"2428","burns",1
"2429","businessbalances",1
"2430","businessobjects",1
"2431","businessprovide",1
"2432","button",1
"2433","buy",1
"2434","buying",1
"2435","buys",1
"2436","bycontributions",1
"2437","cadence",1
"2438","cafeteriasonsite",1
"2439","cag",1
"2440","cajob",1
"2441","calendar",1
"2442","callshift",1
"2443","camber",1
"2444","cambrose",1
"2445","campaign",1
"2446","canada",1
"2447","canbus",1
"2448","candidatebachelor",1
"2449","cannon",1
"2450","cap",1
"2451","capabilitiescomplete",1
"2452","capitalistic",1
"2453","capitalizing",1
"2454","card",1
"2455","cardholder",1
"2456","cardiology",1
"2457","careersitem",1
"2458","cares",1
"2459","carlo",1
"2460","carnegie",1
"2461","carolina",1
"2462","carolinas",1
"2463","carolinashealthcare",1
"2464","carries",1
"2465","carrying",1
"2466","cart",1
"2467","cash",1
"2468","casualty",1
"2469","categorical",1
"2470","categorize",1
"2471","catering",1
"2472","cdm",1
"2473","celebrated",1
"2474","celebrating",1
"2475","centos",1
"2476","centralized",1
"2477","centre",1
"2478","century",1
"2479","ceo",1
"2480","certain",1
"2481","certificate",1
"2482","certificationclearance",1
"2483","certificationsrequires",1
"2484","chaid",1
"2485","chains",1
"2486","challengescollaborate",1
"2487","champion",1
"2488","chance",1
"2489","channels",1
"2490","characterization",1
"2491","characterize",1
"2492","charter",1
"2493","chartered",1
"2494","chat",1
"2495","chaudhary",1
"2496","check",1
"2497","chef",1
"2498","chemical",1
"2499","chemicals",1
"2500","chemistry",1
"2501","cherry",1
"2502","cheryl",1
"2503","children",1
"2504","choosing",1
"2505","chrome",1
"2506","chs",1
"2507","ciber",1
"2508","cincinnati",1
"2509","circumstances",1
"2510","circumstancesexperience",1
"2511","cisco",1
"2512","citizenshipdata",1
"2513","cityofhope",1
"2514","civil",1
"2515","clarify",1
"2516","clarity",1
"2517","classes",1
"2518","classical",1
"2519","classified",1
"2520","classifier",1
"2521","cleaned",1
"2522","cleans",1
"2523","cleanse",1
"2524","cleansed",1
"2525","cleared",1
"2526","clicking",1
"2527","climate",1
"2528","clinic",1
"2529","clinically",1
"2530","clojure",1
"2531","cloudera",1
"2532","club",1
"2533","clubs",1
"2534","cluster",1
"2535","clusteringskilled",1
"2536","cmmi",1
"2537","coaching",1
"2538","coalesce",1
"2539","codeidentify",1
"2540","coe",1
"2541","cognitive",1
"2542","cognos",1
"2543","cold",1
"2544","colinas",1
"2545","collaborating",1
"2546","collaborators",1
"2547","collaboratorsdriven",1
"2548","collects",1
"2549","college",1
"2550","colleges",1
"2551","collegial",1
"2552","collegiate",1
"2553","columar",1
"2554","column",1
"2555","combining",1
"2556","comdescription",1
"2557","comhelpvisitwww",1
"2558","comhelpwe",1
"2559","coming",1
"2560","comkla",1
"2561","commensurate",1
"2562","commerce",1
"2563","commercialize",1
"2564","commitments",1
"2565","commonality",1
"2566","commonly",1
"2567","commutable",1
"2568","commute",1
"2569","companyand",1
"2570","comparative",1
"2571","compared",1
"2572","compares",1
"2573","compensated",1
"2574","compete",1
"2575","competence",1
"2576","competencies",1
"2577","competency",1
"2578","competent",1
"2579","competing",1
"2580","compile",1
"2581","complementary",1
"2582","completioncreate",1
"2583","complexitycreate",1
"2584","compliment",1
"2585","comply",1
"2586","component",1
"2587","composed",1
"2588","comprehended",1
"2589","comprises",1
"2590","comscore",1
"2591","comto",1
"2592","conagra",1
"2593","concentration",1
"2594","conceptsmasters",1
"2595","conceptualize",1
"2596","conceptualizes",1
"2597","concerning",1
"2598","concurrent",1
"2599","condition",1
"2600","conditioning",1
"2601","conducted",1
"2602","conduent",1
"2603","confidentiality",1
"2604","configuration",1
"2605","conjunction",1
"2606","connect",1
"2607","connected",1
"2608","connecting",1
"2609","consecutive",1
"2610","consensus",1
"2611","consent",1
"2612","considering",1
"2613","consistency",1
"2614","consistently",1
"2615","consists",1
"2616","consolidated",1
"2617","constantly",1
"2618","constituent",1
"2619","constituents",1
"2620","constraints",1
"2621","consultancy",1
"2622","consultingover",1
"2623","consults",1
"2624","consumed",1
"2625","containing",1
"2626","continual",1
"2627","continuum",1
"2628","contractjob",1
"2629","contributorshift",1
"2630","controller",1
"2631","convenient",1
"2632","convert",1
"2633","converting",1
"2634","cookie",1
"2635","cool",1
"2636","cooperatively",1
"2637","coremetrics",1
"2638","corporations",1
"2639","correct",1
"2640","correctly",1
"2641","correlations",1
"2642","corresponding",1
"2643","costs",1
"2644","cots",1
"2645","cottonwood",1
"2646","cottonwoodfounded",1
"2647","couchdb",1
"2648","count",1
"2649","counter",1
"2650","county",1
"2651","couple",1
"2652","courageous",1
"2653","coursework",1
"2654","covered",1
"2655","covering",1
"2656","cox",1
"2657","coxautoinc",1
"2658","cplex",1
"2659","crain",1
"2660","cranes",1
"2661","creators",1
"2662","credential",1
"2663","credit",1
"2664","creditcompensationannual",1
"2665","credited",1
"2666","crimson",1
"2667","crowd",1
"2668","crucial",1
"2669","crystal",1
"2670","csg",1
"2671","csv",1
"2672","ctduration",1
"2673","cuda",1
"2674","cultural",1
"2675","culturally",1
"2676","cure",1
"2677","customerseducational",1
"2678","cuts",1
"2679","cutter",1
"2680","cyber",1
"2681","cycles",1
"2682","cytometry",1
"2683","dabbled",1
"2684","data-aggregation",1
"2685","data-science-life-cycle",1
"2686","dataanalyze",1
"2687","datacollaborate",1
"2688","dataexperience",1
"2689","datasetslead",1
"2690","datawarehouse",1
"2691","dateeo",1
"2692","daycare",1
"2693","dayovertime",1
"2694","daysparental",1
"2695","dayton",1
"2696","daywork",1
"2697","dba",1
"2698","deadlinesbasic",1
"2699","deadlineswrite",1
"2700","deal",1
"2701","dealer",1
"2702","dealers",1
"2703","dealertrack",1
"2704","death",1
"2705","debate",1
"2706","debt",1
"2707","debug",1
"2708","decades",1
"2709","decent",1
"2710","decisive",1
"2711","decline",1
"2712","decreases",1
"2713","dedication",1
"2714","deductible",1
"2715","defaulted",1
"2716","defect",1
"2717","defects",1
"2718","defending",1
"2719","defined",1
"2720","definition",1
"2721","degreein",1
"2722","delight",1
"2723","deliverable",1
"2724","demanding",1
"2725","demandsbenefits",1
"2726","demandsphysical",1
"2727","demographic",1
"2728","demonstrable",1
"2729","demonstration",1
"2730","dentallife",1
"2731","denver",1
"2732","dependable",1
"2733","dependencies",1
"2734","depending",1
"2735","deployable",1
"2736","deployments",1
"2737","deploys",1
"2738","dept",1
"2739","derricks",1
"2740","descriptionjob",1
"2741","descriptionnintendo",1
"2742","descriptionposition",1
"2743","descriptionweichert",1
"2744","descriptionxtime",1
"2745","deserve",1
"2746","designated",1
"2747","desiredall",1
"2748","desirededucation",1
"2749","desk",1
"2750","desktop",1
"2751","despite",1
"2752","detailmust",1
"2753","determines",1
"2754","detroit",1
"2755","dev",1
"2756","devellocation",1
"2757","developerideal",1
"2758","developmentability",1
"2759","developmentexperience",1
"2760","developmentprimary",1
"2761","developmentthe",1
"2762","deviate",1
"2763","devise",1
"2764","dexterity",1
"2765","dhs",1
"2766","diagnose",1
"2767","dialects",1
"2768","dictate",1
"2769","dictionaries",1
"2770","difficult",1
"2771","dig",1
"2772","digger",1
"2773","digitalocean",1
"2774","dimensional",1
"2775","dimensionality",1
"2776","diploma",1
"2777","directions",1
"2778","dirt",1
"2779","disadvantages",1
"2780","discharge",1
"2781","discount",1
"2782","discoveries",1
"2783","discovers",1
"2784","discrete",1
"2785","discriminant",1
"2786","discriminated",1
"2787","discuss",1
"2788","discussing",1
"2789","discussion",1
"2790","disease",1
"2791","diseases",1
"2792","dismemberment",1
"2793","dispersed",1
"2794","display",1
"2795","displays",1
"2796","disqualified",1
"2797","disrupt",1
"2798","disrupting",1
"2799","disseminate",1
"2800","distance",1
"2801","distinct",1
"2802","distinctive",1
"2803","distinguish",1
"2804","district",1
"2805","districts",1
"2806","distros",1
"2807","diversified",1
"2808","dives",1
"2809","dms",1
"2810","docker",1
"2811","dog",1
"2812","doingin",1
"2813","domestically",1
"2814","donkey",1
"2815","dowe",1
"2816","download",1
"2817","drawing",1
"2818","drawn",1
"2819","draws",1
"2820","dream",1
"2821","driver",1
"2822","dshort",1
"2823","dtf",1
"2824","dtra",1
"2825","dual",1
"2826","duarte",1
"2827","durability",1
"2828","duration",1
"2829","dutieswe",1
"2830","duty",1
"2831","dutycorporate",1
"2832","dynamodb",1
"2833","earned",1
"2834","earning",1
"2835","east",1
"2836","easy",1
"2837","eat",1
"2838","ebnhc",1
"2839","ebs",1
"2840","ecommerce",1
"2841","ecosystems",1
"2842","edges",1
"2843","edm",1
"2844","edplan",1
"2845","educationbachelor",1
"2846","educator",1
"2847","educators",1
"2848","edw",1
"2849","eeit",1
"2850","effecting",1
"2851","elb",1
"2852","elective",1
"2853","electrical",1
"2854","electronics",1
"2855","element",1
"2856","elements",1
"2857","elementsrarely",1
"2858","elevate",1
"2859","eligibility",1
"2860","ellucian",1
"2861","emails",1
"2862","embark",1
"2863","emblem",1
"2864","emergency",1
"2865","emotional",1
"2866","emphasisbuild",1
"2867","emphasizing",1
"2868","empirical",1
"2869","employeeservices",1
"2870","employerapex",1
"2871","employercompany",1
"2872","employerof",1
"2873","employs",1
"2874","empowers",1
"2875","emrnorthrop",1
"2876","emulate",1
"2877","encoding",1
"2878","encompasses",1
"2879","encouragement",1
"2880","encourages",1
"2881","endeavors",1
"2882","ends",1
"2883","endure",1
"2884","energized",1
"2885","engages",1
"2886","engility",1
"2887","engine",1
"2888","engineeringcollect",1
"2889","engineersb",1
"2890","engineersjob",1
"2891","engineersleveraging",1
"2892","engineersteam",1
"2893","engines",1
"2894","enjoyable",1
"2895","enjoys",1
"2896","enr",1
"2897","enroll",1
"2898","ensembles",1
"2899","entegris",1
"2900","enterprises",1
"2901","entirely",1
"2902","entities",1
"2903","entrepreneur",1
"2904","entry",1
"2905","environmentabout",1
"2906","environmentfor",1
"2907","environmentse",1
"2908","environmentso",1
"2909","envisioned",1
"2910","epics",1
"2911","epidemiologic",1
"2912","epidemiological",1
"2913","epidemiologists",1
"2914","epm",1
"2915","equipped",1
"2916","equities",1
"2917","equivalentand",1
"2918","errorless",1
"2919","erwin",1
"2920","escalate",1
"2921","esri",1
"2922","ess",1
"2923","essbase",1
"2924","essentials",1
"2925","establishes",1
"2926","estate",1
"2927","etf",1
"2928","ethic",1
"2929","ethical",1
"2930","ethicdemonstrated",1
"2931","ethicsrepresents",1
"2932","ethnic",1
"2933","ethnicity",1
"2934","europe",1
"2935","evaluated",1
"2936","evangelise",1
"2937","event",1
"2938","eventually",1
"2939","everyone",1
"2940","everywhere",1
"2941","evolution",1
"2942","evolving",1
"2943","evs",1
"2944","example",1
"2945","exceed",1
"2946","exceladvanced",1
"2947","excels",1
"2948","excess",1
"2949","excitement",1
"2950","exclusive",1
"2951","executes",1
"2952","exemplary",1
"2953","exempt",1
"2954","exemptjob",1
"2955","exercises",1
"2956","exercising",1
"2957","exert",1
"2958","exhibit",1
"2959","exhibits",1
"2960","exome",1
"2961","exp",1
"2962","expands",1
"2963","expansion",1
"2964","expansive",1
"2965","expectation",1
"2966","expectationsi",1
"2967","expenses",1
"2968","experienceadvanced",1
"2969","experienceb",1
"2970","experienceexcellent",1
"2971","experienceknowledge",1
"2972","experiencelocation",1
"2973","experienceminimum",1
"2974","experiencerequired",1
"2975","experiencerequirements",1
"2976","experiencestrong",1
"2977","experiencewe",1
"2978","experienceworking",1
"2979","explaining",1
"2980","explanatory",1
"2981","exploration",1
"2982","exponentially",1
"2983","exposed",1
"2984","expressions",1
"2985","extend",1
"2986","extensionjob",1
"2987","extra",1
"2988","extremes",1
"2989","face",1
"2990","faced",1
"2991","facial",1
"2992","facilitates",1
"2993","facilitation",1
"2994","facility",1
"2995","factor",1
"2996","factories",1
"2997","factorization",1
"2998","fairfield",1
"2999","fairly",1
"3000","familyof",1
"3001","fan",1
"3002","fantastic",1
"3003","fashion",1
"3004","fbi",1
"3005","fcsd",1
"3006","fda",1
"3007","feasibility",1
"3008","feasible",1
"3009","featuresdesign",1
"3010","feed",1
"3011","feedbackdemonstrated",1
"3012","fellow",1
"3013","fellows",1
"3014","female",1
"3015","festival",1
"3016","fffd",1
"3017","fieldadvanced",1
"3018","fifteen",1
"3019","file",1
"3020","filtering",1
"3021","financially",1
"3022","finder",1
"3023","finders",1
"3024","finding",1
"3025","finish",1
"3026","firefox",1
"3027","fiscal",1
"3028","fits",1
"3029","fitting",1
"3030","fjob",1
"3031","flagship",1
"3032","flat",1
"3033","fleet",1
"3034","flexibly",1
"3035","flip",1
"3036","floating",1
"3037","flresponsible",1
"3038","fluctuating",1
"3039","fluency",1
"3040","fluent",1
"3041","focusedclearly",1
"3042","focusprovide",1
"3043","followed",1
"3044","foot",1
"3045","forecast",1
"3046","forefront",1
"3047","foreign",1
"3048","formally",1
"3049","forman",1
"3050","format",1
"3051","formatresults",1
"3052","formatsplus",1
"3053","formatted",1
"3054","formed",1
"3055","former",1
"3056","formerly",1
"3057","formulae",1
"3058","formulas",1
"3059","formulate",1
"3060","formulated",1
"3061","formulation",1
"3062","fornintendo",1
"3063","forsyth",1
"3064","forwarded",1
"3065","foss",1
"3066","found",1
"3067","foundations",1
"3068","foundries",1
"3069","fragmented",1
"3070","frameworksstrong",1
"3071","fraser",1
"3072","fraud",1
"3073","frequently",1
"3074","friday",1
"3075","fridays",1
"3076","friendly",1
"3077","fuel",1
"3078","fulltime",1
"3079","fun",1
"3080","functioning",1
"3081","functionslisted",1
"3082","fundamentals",1
"3083","funded",1
"3084","furier",1
"3085","furthers",1
"3086","fuse",1
"3087","fuses",1
"3088","fusion",1
"3089","futurepreferred",1
"3090","fuzzy",1
"3091","games",1
"3092","gaming",1
"3093","garden",1
"3094","gartner",1
"3095","gathers",1
"3096","gbm",1
"3097","gcp",1
"3098","gdconagra",1
"3099","geeks",1
"3100","generally",1
"3101","generates",1
"3102","generous",1
"3103","genesis",1
"3104","genomic",1
"3105","geo",1
"3106","geographical",1
"3107","geographically",1
"3108","geographies",1
"3109","geowave",1
"3110","gesture",1
"3111","gif",1
"3112","gifs",1
"3113","gifts",1
"3114","gis",1
"3115","github",1
"3116","gitlab",1
"3117","givers",1
"3118","giving",1
"3119","gladly",1
"3120","glioblastoma",1
"3121","globalization",1
"3122","globallycollaborating",1
"3123","glocomms",1
"3124","gmm",1
"3125","goalspartner",1
"3126","governance",1
"3127","governing",1
"3128","governments",1
"3129","grad",1
"3130","graduates",1
"3131","graduation",1
"3132","grandmaster",1
"3133","grantedwhat",1
"3134","graphics",1
"3135","graphing",1
"3136","graphite",1
"3137","green",1
"3138","greencard",1
"3139","greenwich",1
"3140","ground",1
"3141","grounds",1
"3142","groupjdc",1
"3143","groupsact",1
"3144","groupsnice",1
"3145","growers",1
"3146","growthidentify",1
"3147","grumman",1
"3148","guaranteeing",1
"3149","guided",1
"3150","guidelines",1
"3151","gurpreet",1
"3152","hacking",1
"3153","hamilton",1
"3154","handbooks",1
"3155","handoff",1
"3156","harass",1
"3157","hardship",1
"3158","harmonization",1
"3159","harness",1
"3160","hasalso",1
"3161","hays",1
"3162","hbic",1
"3163","hcanashville",1
"3164","hear",1
"3165","hearing",1
"3166","hedge",1
"3167","hedis",1
"3168","helped",1
"3169","heor",1
"3170","herbert",1
"3171","heritage",1
"3172","heroku",1
"3173","hexagon",1
"3174","hibernate",1
"3175","hiding",1
"3176","hierarchical",1
"3177","hiremojo",1
"3178","histories",1
"3179","hmh",1
"3180","hmm",1
"3181","hold",1
"3182","holds",1
"3183","holiday",1
"3184","holistic",1
"3185","homes",1
"3186","hone",1
"3187","honest",1
"3188","hopecity",1
"3189","hortonworks",1
"3190","hospice",1
"3191","hourdata",1
"3192","hourly",1
"3193","hoursgreat",1
"3194","households",1
"3195","houses",1
"3196","however",1
"3197","htc",1
"3198","htk",1
"3199","https",1
"3200","hudda",1
"3201","hue",1
"3202","humint",1
"3203","hunting",1
"3204","hurd",1
"3205","hyperion",1
"3206","hyperparametersc",1
"3207","hypocritical",1
"3208","iaa",1
"3209","iam",1
"3210","ibm",1
"3211","icare",1
"3212","iconic",1
"3213","iconma",1
"3214","icons",1
"3215","icu",1
"3216","idl",1
"3217","ids",1
"3218","iec",1
"3219","ihc",1
"3220","iii",1
"3221","illegal",1
"3222","illinois",1
"3223","ilog",1
"3224","imagination",1
"3225","immuno",1
"3226","immunological",1
"3227","immunologists",1
"3228","immunology",1
"3229","immunotherapy",1
"3230","impacted",1
"3231","impactful",1
"3232","impacts",1
"3233","impactsuccessfully",1
"3234","impemba",1
"3235","imperfect",1
"3236","implementable",1
"3237","implications",1
"3238","imply",1
"3239","import",1
"3240","importantexperience",1
"3241","impressive",1
"3242","improvementsexperience",1
"3243","improves",1
"3244","imputation",1
"3245","incadea",1
"3246","incentivesmajor",1
"3247","included",1
"3248","inclusion",1
"3249","income",1
"3250","incorporate",1
"3251","incorporated",1
"3252","increasingly",1
"3253","indefinite",1
"3254","independentlyability",1
"3255","independentlyhands",1
"3256","index",1
"3257","indexing",1
"3258","indicate",1
"3259","indications",1
"3260","individualsproviding",1
"3261","industriescomfort",1
"3262","industrious",1
"3263","industryexpertise",1
"3264","infants",1
"3265","infections",1
"3266","inferences",1
"3267","influences",1
"3268","informatica",1
"3269","informationellucian",1
"3270","informationflexibility",1
"3271","informationists",1
"3272","informative",1
"3273","ingenious",1
"3274","inline",1
"3275","innovate",1
"3276","innovates",1
"3277","innovators",1
"3278","inquiries",1
"3279","inside",1
"3280","insightful",1
"3281","insightsevaluation",1
"3282","inspection",1
"3283","inspire",1
"3284","inspired",1
"3285","institutes",1
"3286","institution",1
"3287","institutional",1
"3288","institutionswrites",1
"3289","instructed",1
"3290","instructional",1
"3291","instructions",1
"3292","instruments",1
"3293","insufficient",1
"3294","insuranceeeo",1
"3295","insure",1
"3296","integral",1
"3297","integrates",1
"3298","integrative",1
"3299","integrityidentifying",1
"3300","intelligently",1
"3301","intend",1
"3302","intense",1
"3303","intent",1
"3304","intentionally",1
"3305","interactively",1
"3306","interacts",1
"3307","interfaces",1
"3308","internationally",1
"3309","internet",1
"3310","internet--things",1
"3311","interoperability",1
"3312","interpreted",1
"3313","interpreting",1
"3314","interpretive",1
"3315","interprets",1
"3316","intersection",1
"3317","interventional",1
"3318","intimate",1
"3319","intra",1
"3320","intrapreneuial",1
"3321","intrinsic",1
"3322","introducing",1
"3323","intuitive",1
"3324","inventory",1
"3325","inverse",1
"3326","invested",1
"3327","investigates",1
"3328","investigating",1
"3329","investigations",1
"3330","investigative",1
"3331","investing",1
"3332","investor",1
"3333","invests",1
"3334","invoice",1
"3335","invoices",1
"3336","involving",1
"3337","iot",1
"3338","iris",1
"3339","irving",1
"3340","iso",1
"3341","issue",1
"3342","issued",1
"3343","iterate",1
"3344","iterationdesign",1
"3345","iterative",1
"3346","itil",1
"3347","january",1
"3348","japan",1
"3349","jbod",1
"3350","jdc",1
"3351","jenkins",1
"3352","jobonce",1
"3353","jobprimary",1
"3354","jobtravel",1
"3355","joins",1
"3356","jose",1
"3357","journal",1
"3358","journalsprepares",1
"3359","journeys",1
"3360","jpas",1
"3361","jump",1
"3362","jupiter",1
"3363","jupyter",1
"3364","jury",1
"3365","justice",1
"3366","justified",1
"3367","justify",1
"3368","kaggle",1
"3369","kaldi",1
"3370","kdata",1
"3371","keen",1
"3372","keeping",1
"3373","keeps",1
"3374","kelley",1
"3375","keras",1
"3376","keyboard",1
"3377","keyboarding",1
"3378","keystrokes",1
"3379","keywords",1
"3380","kforce",1
"3381","kgenerous",1
"3382","kik",1
"3383","kika",1
"3384","kind",1
"3385","kindly",1
"3386","kits",1
"3387","kla",1
"3388","knight",1
"3389","knowledgent",1
"3390","kong",1
"3391","kpis",1
"3392","krishna",1
"3393","lab",1
"3394","label",1
"3395","lack",1
"3396","ladder",1
"3397","lakes",1
"3398","lamda",1
"3399","landfills",1
"3400","landscape",1
"3401","landscapes",1
"3402","laptops",1
"3403","largely",1
"3404","larger",1
"3405","las",1
"3406","lasting",1
"3407","latent",1
"3408","lauderdale",1
"3409","launch",1
"3410","launched",1
"3411","laws",1
"3412","leadershipidentify",1
"3413","leaguerequired",1
"3414","learner",1
"3415","learningbe",1
"3416","learningbut",1
"3417","learningmust",1
"3418","learningrecommending",1
"3419","learnings",1
"3420","learningtext",1
"3421","learnpossess",1
"3422","leavejob",1
"3423","lec",1
"3424","led",1
"3425","legacy",1
"3426","legally",1
"3427","legit",1
"3428","lens",1
"3429","let",1
"3430","leveraged",1
"3431","leveraing",1
"3432","levers",1
"3433","lexington",1
"3434","liaising",1
"3435","liaison",1
"3436","lifecycleproactively",1
"3437","lifetime",1
"3438","light",1
"3439","likelihood",1
"3440","limit",1
"3441","limitation",1
"3442","limitedsalary",1
"3443","limits",1
"3444","linking",1
"3445","links",1
"3446","listed",1
"3447","listen",1
"3448","listener",1
"3449","lists",1
"3450","llc",1
"3451","llcheadquartered",1
"3452","lloyd",1
"3453","lobs",1
"3454","locationyour",1
"3455","logical",1
"3456","logistic",1
"3457","logistical",1
"3458","london",1
"3459","longer",1
"3460","looks",1
"3461","loosely",1
"3462","los",1
"3463","losing",1
"3464","loves",1
"3465","lowest",1
"3466","loyal",1
"3467","loyalty",1
"3468","lrs",1
"3469","lunch",1
"3470","madison",1
"3471","mag",1
"3472","mail",1
"3473","mailto",1
"3474","maintaindata",1
"3475","managersinitiates",1
"3476","mandatory",1
"3477","manheim",1
"3478","manuals",1
"3479","manufacturers",1
"3480","manufactures",1
"3481","manufacturing",1
"3482","manuscript",1
"3483","manuscripts",1
"3484","mapforce",1
"3485","maplease",1
"3486","mapr",1
"3487","march",1
"3488","margins",1
"3489","marianne",1
"3490","mario",1
"3491","maritime",1
"3492","marketed",1
"3493","marketers",1
"3494","marketplaces",1
"3495","marts",1
"3496","maryland",1
"3497","masint",1
"3498","massachusetts",1
"3499","massage",1
"3500","matched",1
"3501","matchpaid",1
"3502","maternity",1
"3503","matlabdatabase",1
"3504","matters",1
"3505","mattersuch",1
"3506","maturing",1
"3507","maverick",1
"3508","max",1
"3509","mba",1
"3510","mckesson",1
"3511","mclean",1
"3512","mcse",1
"3513","mdna",1
"3514","meals",1
"3515","mean",1
"3516","meaningfulness",1
"3517","measurement",1
"3518","measurements",1
"3519","mechanical",1
"3520","mechanismsreporting",1
"3521","mediaoverviewwho",1
"3522","meetingsfosters",1
"3523","meetingsmaintain",1
"3524","meettoday",1
"3525","mellon",1
"3526","memcached",1
"3527","memoranda",1
"3528","memory",1
"3529","menlo",1
"3530","mentality",1
"3531","mentoring",1
"3532","mentors",1
"3533","mentorship",1
"3534","merchandising",1
"3535","merchants",1
"3536","mercy",1
"3537","merge",1
"3538","merger",1
"3539","meridian",1
"3540","merit",1
"3541","messages",1
"3542","messenger",1
"3543","metastatic",1
"3544","methodist",1
"3545","methodologiesexperienced",1
"3546","methodologyprior",1
"3547","metroid",1
"3548","metstaff",1
"3549","micro",1
"3550","middle",1
"3551","midkey",1
"3552","midtown",1
"3553","migration",1
"3554","miles",1
"3555","milestone",1
"3556","millionhardware",1
"3557","min",1
"3558","mindsetd",1
"3559","mindsetwillingness",1
"3560","miner",1
"3561","miningunderstanding",1
"3562","ministry",1
"3563","minority",1
"3564","missionby",1
"3565","missionwhatever",1
"3566","mississippi",1
"3567","missouri",1
"3568","mit",1
"3569","mlb",1
"3570","mlbam",1
"3571","mlpy",1
"3572","mobility",1
"3573","mockups",1
"3574","mode",1
"3575","model-deployment",1
"3576","modeled",1
"3577","modelers",1
"3578","modelingassess",1
"3579","modelingpresent",1
"3580","modeloversee",1
"3581","modelsevaluate",1
"3582","moderate",1
"3583","modernize",1
"3584","modernizes",1
"3585","modules",1
"3586","moduration",1
"3587","mold",1
"3588","moment",1
"3589","monetize",1
"3590","money",1
"3591","mongodb",1
"3592","monica",1
"3593","monitors",1
"3594","monte",1
"3595","montreal",1
"3596","moreover",1
"3597","morgan",1
"3598","morris",1
"3599","mortar",1
"3600","motivate",1
"3601","motivation",1
"3602","motto",1
"3603","movie",1
"3604","movies",1
"3605","mozilla",1
"3606","mppc",1
"3607","mrgeo",1
"3608","msee",1
"3609","mstr",1
"3610","much",1
"3611","multidisciplinary",1
"3612","multidiscipline",1
"3613","multiformat",1
"3614","multinational",1
"3615","multiscreen",1
"3616","munging",1
"3617","municipal",1
"3618","mvp",1
"3619","myriad",1
"3620","nagios",1
"3621","naive",1
"3622","name",1
"3623","namenodes",1
"3624","names",1
"3625","narratives",1
"3626","natureextract",1
"3627","naval",1
"3628","nba",1
"3629","ncqa",1
"3630","near",1
"3631","nearest",1
"3632","needing",1
"3633","needsqualificationssummary",1
"3634","needthe",1
"3635","neighborhood",1
"3636","neighbors",1
"3637","neil",1
"3638","neonate",1
"3639","ner",1
"3640","nes",1
"3641","net",1
"3642","networking",1
"3643","neural-network",1
"3644","newport",1
"3645","newspaper",1
"3646","nextgear",1
"3647","nice",1
"3648","nike",1
"3649","nimble",1
"3650","nintendo",1
"3651","nintendogamecube",1
"3652","nintendoswitch",1
"3653","njcontract",1
"3654","nlpstrong",1
"3655","nluexperience",1
"3656","nodejs",1
"3657","noise",1
"3658","nonfunctional",1
"3659","normal",1
"3660","normalize",1
"3661","northeastern",1
"3662","northrop",1
"3663","northropgrumman",1
"3664","notable",1
"3665","notch",1
"3666","notebook",1
"3667","notebooks",1
"3668","notes",1
"3669","notify",1
"3670","nuclear",1
"3671","nyse",1
"3672","obiee",1
"3673","objective",1
"3674","objectivesability",1
"3675","observational",1
"3676","observe",1
"3677","observes",1
"3678","obtain",1
"3679","obtaining",1
"3680","occasion",1
"3681","occupational",1
"3682","oculus",1
"3683","oculussearch",1
"3684","odi",1
"3685","odors",1
"3686","offline",1
"3687","offs",1
"3688","ofkyoto",1
"3689","often",1
"3690","ohio",1
"3691","oil",1
"3692","older",1
"3693","oltp",1
"3694","omission",1
"3695","onboard",1
"3696","ones",1
"3697","oneself",1
"3698","ongoingcompany",1
"3699","oozie",1
"3700","opencl",1
"3701","opencv",1
"3702","opening",1
"3703","operates",1
"3704","operationally",1
"3705","operators",1
"3706","opinions",1
"3707","opportunitiesprofitably",1
"3708","opportunityhouston",1
"3709","opr",1
"3710","ops",1
"3711","optical",1
"3712","optimal",1
"3713","optimistic",1
"3714","optimizationskilled",1
"3715","orally",1
"3716","orbachelor",1
"3717","orders",1
"3718","ordesign",1
"3719","organisations",1
"3720","orient",1
"3721","original",1
"3722","orthopedics",1
"3723","oshp",1
"3724","osint",1
"3725","otc",1
"3726","otherjob",1
"3727","otherwise",1
"3728","outcome",1
"3729","outgoing",1
"3730","outings",1
"3731","outlook",1
"3732","overcome",1
"3733","overseas",1
"3734","overseeing",1
"3735","oversees",1
"3736","overviewa",1
"3737","overviewcurrent",1
"3738","overviewpwc",1
"3739","ownership",1
"3740","owning",1
"3741","pace",1
"3742","pacific",1
"3743","packagesdesire",1
"3744","packs",1
"3745","pactera",1
"3746","paint",1
"3747","palliative",1
"3748","paperless",1
"3749","paradigms",1
"3750","parameters",1
"3751","parsing",1
"3752","participating",1
"3753","particularly",1
"3754","parts",1
"3755","pass",1
"3756","patent",1
"3757","patents",1
"3758","paternity",1
"3759","pathway",1
"3760","pathways",1
"3761","patternsbuild",1
"3762","paycheck",1
"3763","payments",1
"3764","payors",1
"3765","pbi",1
"3766","pcg",1
"3767","pedantic",1
"3768","pennoni",1
"3769","pennsylvania",1
"3770","pension",1
"3771","peopleaccountabilitycreativityexcellencethe",1
"3772","perception",1
"3773","perceptive",1
"3774","perfect",1
"3775","perfection",1
"3776","performances",1
"3777","performancetranslates",1
"3778","performer",1
"3779","performers",1
"3780","perks",1
"3781","perm",1
"3782","perr",1
"3783","persistently",1
"3784","personality",1
"3785","perspectives",1
"3786","pertains",1
"3787","pharmacies",1
"3788","phil",1
"3789","philosophies",1
"3790","philosophy",1
"3791","phoenix",1
"3792","phone",1
"3793","picture",1
"3794","pin",1
"3795","pipelinescompetency",1
"3796","pipelineswork",1
"3797","pkwyemployee",1
"3798","placements",1
"3799","plains",1
"3800","plainsboro",1
"3801","planmedical",1
"3802","planned",1
"3803","planstrong",1
"3804","plant",1
"3805","plants",1
"3806","players",1
"3807","playing",1
"3808","plays",1
"3809","plusadvanced",1
"3810","plusbsc",1
"3811","plushands",1
"3812","pluslocation",1
"3813","plusprior",1
"3814","plusstrong",1
"3815","pluswork",1
"3816","pmeducation",1
"3817","pmp",1
"3818","pok",1
"3819","poland",1
"3820","policymakers",1
"3821","populations",1
"3822","portablesystems",1
"3823","portfolios",1
"3824","portion",1
"3825","portsmouth",1
"3826","positionability",1
"3827","positionat",1
"3828","positionresponsibilities",1
"3829","positively",1
"3830","posses",1
"3831","possibly",1
"3832","postdoctoral",1
"3833","postgresql",1
"3834","postings",1
"3835","potentially",1
"3836","potlucks",1
"3837","pounds",1
"3838","poundsrarely",1
"3839","powering",1
"3840","powerpoint",1
"3841","ppe",1
"3842","ppo",1
"3843","practicesdevelop",1
"3844","practitioners",1
"3845","pragmatics",1
"3846","precious",1
"3847","predicting",1
"3848","predictionprepare",1
"3849","predictors",1
"3850","predicts",1
"3851","predominantly",1
"3852","preferable",1
"3853","preference",1
"3854","preferences",1
"3855","preferredexperience",1
"3856","preferredpassion",1
"3857","preferredpreferred",1
"3858","preferredprevious",1
"3859","preferredskills",1
"3860","preferredtechnical",1
"3861","preferredthis",1
"3862","preliminary",1
"3863","prelude",1
"3864","premises",1
"3865","premiums",1
"3866","preprocessing",1
"3867","preschooler",1
"3868","prescribe",1
"3869","presentationsdemonstrated",1
"3870","presentationwork",1
"3871","pressure",1
"3872","presto",1
"3873","prevails",1
"3874","prevention",1
"3875","previously",1
"3876","price",1
"3877","pride",1
"3878","prides",1
"3879","principally",1
"3880","principle",1
"3881","principlesexplore",1
"3882","printing",1
"3883","prioritiesability",1
"3884","prioritizes",1
"3885","prioritizing",1
"3886","priority",1
"3887","privacy",1
"3888","probabilities",1
"3889","probe",1
"3890","problemsstrong",1
"3891","procedure",1
"3892","proceduresexperience",1
"3893","processesthe",1
"3894","processesundertake",1
"3895","processingeffectively",1
"3896","produces",1
"3897","productively",1
"3898","productization",1
"3899","productsdevelop",1
"3900","productsproficient",1
"3901","proficiencydata",1
"3902","profilehouston",1
"3903","profiles",1
"3904","profitability",1
"3905","progresses",1
"3906","progressive",1
"3907","prohibited",1
"3908","projected",1
"3909","projectors",1
"3910","projectsadvanced",1
"3911","projectsproduce",1
"3912","projectsproficient",1
"3913","projectsprovide",1
"3914","projectsyour",1
"3915","promising",1
"3916","promotes",1
"3917","proposal",1
"3918","proposed",1
"3919","proposing",1
"3920","proposition",1
"3921","prospecting",1
"3922","prospective",1
"3923","prospects",1
"3924","prostate",1
"3925","protect",1
"3926","protection",1
"3927","protective",1
"3928","prove",1
"3929","providersbusiness",1
"3930","prowess",1
"3931","publication",1
"3932","publicationssee",1
"3933","published",1
"3934","pull",1
"3935","pulled",1
"3936","purchase",1
"3937","purchasing",1
"3938","pursue",1
"3939","pursuing",1
"3940","pursuit",1
"3941","put",1
"3942","pwc",1
"3943","pwcassurance",1
"3944","pwcpro",1
"3945","pyfolio",1
"3946","qualificationsa",1
"3947","qualificationsability",1
"3948","qualificationsbachelor",1
"3949","qualificationsdoctorate",1
"3950","qualificationsexperience",1
"3951","qualificationsmaster",1
"3952","qualificationsmust",1
"3953","qualificationsstrong",1
"3954","qualify",1
"3955","quality-assurance",1
"3956","qualitywork",1
"3957","quarterly",1
"3958","questionsdesign",1
"3959","queuing",1
"3960","quick",1
"3961","raid",1
"3962","rail",1
"3963","raised",1
"3964","rally",1
"3965","ramp",1
"3966","ran",1
"3967","randomized",1
"3968","ranges",1
"3969","ranging",1
"3970","ranked",1
"3971","rarely",1
"3972","rating",1
"3973","raton",1
"3974","rdbms",1
"3975","rds",1
"3976","read",1
"3977","reasonably",1
"3978","reasoning",1
"3979","reasons",1
"3980","recap",1
"3981","recharge",1
"3982","recommendation",1
"3983","recommendationsattest",1
"3984","recommending",1
"3985","reconciliation",1
"3986","recruiter",1
"3987","recruiters",1
"3988","recycling",1
"3989","redpoint",1
"3990","reduced",1
"3991","redwood",1
"3992","refereed",1
"3993","referenced",1
"3994","referential",1
"3995","referral",1
"3996","refining",1
"3997","reflect",1
"3998","reflection",1
"3999","reformulate",1
"4000","refresh",1
"4001","regardless",1
"4002","regards",1
"4003","registry",1
"4004","regressions",1
"4005","regularization",1
"4006","regularjob",1
"4007","regulation",1
"4008","rehabilitation",1
"4009","reimburse",1
"4010","reinforcement",1
"4011","relate",1
"4012","relationship",1
"4013","relaxation",1
"4014","release",1
"4015","reliably",1
"4016","religious",1
"4017","relocation",1
"4018","relocationmust",1
"4019","remain",1
"4020","remains",1
"4021","remarkable",1
"4022","remediation",1
"4023","renew",1
"4024","rentrak",1
"4025","repeatable",1
"4026","reportingidentify",1
"4027","reportingwork",1
"4028","repository",1
"4029","representation",1
"4030","representative",1
"4031","representativenervous",1
"4032","representatives",1
"4033","reputed",1
"4034","req",1
"4035","reqs",1
"4036","requiredadvanced",1
"4037","requiredexcellent",1
"4038","requiredexperience",1
"4039","requiredexpertise",1
"4040","requiredfive",1
"4041","requirednoneknowledge",1
"4042","requiredprevious",1
"4043","requiredproven",1
"4044","requirementsat",1
"4045","requirementseducation",1
"4046","requirementsexperience",1
"4047","requirementsgeneral",1
"4048","requirementsmaster",1
"4049","requirementsminimum",1
"4050","requirementsnone",1
"4051","requirementsour",1
"4052","requirementsthe",1
"4053","requirementsworks",1
"4054","requisition",1
"4055","requisitions",1
"4056","residential",1
"4057","resistance",1
"4058","resolute",1
"4059","responsibilitiesassist",1
"4060","responsibilitiesconceptualize",1
"4061","responsibilitiesdevelop",1
"4062","responsibilitiesensure",1
"4063","responsibilitiesgather",1
"4064","responsibilitiesinclude",1
"4065","responsibilitiesmanage",1
"4066","responsibilitiesmay",1
"4067","responsibilitiespeople",1
"4068","responsibilitiesthe",1
"4069","responsibilitiestranslate",1
"4070","responsibilitieswork",1
"4071","restful",1
"4072","reston",1
"4073","resultant",1
"4074","resultsstrong",1
"4075","resultswrites",1
"4076","resum",1
"4077","retention",1
"4078","retrieving",1
"4079","retrospective",1
"4080","reviewing",1
"4081","revise",1
"4082","revises",1
"4083","revolutionary",1
"4084","reward",1
"4085","rfm",1
"4086","richardson",1
"4087","riffsy",1
"4088","rigorous",1
"4089","rnaseq",1
"4090","road",1
"4091","robotics",1
"4092","rolesap",1
"4093","rolevba",1
"4094","roll",1
"4095","rollout",1
"4096","roomscasual",1
"4097","round",1
"4098","rounding",1
"4099","rounds",1
"4100","route",1
"4101","routing",1
"4102","rozina",1
"4103","rpi",1
"4104","rrc",1
"4105","rstudio",1
"4106","rwd",1
"4107","saas",1
"4108","safer",1
"4109","safetyiii",1
"4110","safetynational",1
"4111","sale",1
"4112","salesy",1
"4113","sample",1
"4114","sampling",1
"4115","samsung",1
"4116","santa",1
"4117","sarah",1
"4118","sascomfort",1
"4119","satellite",1
"4120","satisfactorily",1
"4121","saves",1
"4122","saving",1
"4123","savviness",1
"4124","say",1
"4125","scalability",1
"4126","scales",1
"4127","scenario",1
"4128","scene",1
"4129","scheduled",1
"4130","schema",1
"4131","sciencedesire",1
"4132","scienceknowledge",1
"4133","sciencemachine",1
"4134","sciencestrong",1
"4135","scientistcherry",1
"4136","scientistresponsible",1
"4137","scientistscreates",1
"4138","scientistsprocess",1
"4139","scientistsprovides",1
"4140","scientistto",1
"4141","scientistwhat",1
"4142","scopes",1
"4143","scor",1
"4144","score",1
"4145","scorecard",1
"4146","scoring",1
"4147","scottsdale",1
"4148","scraping",1
"4149","screen",1
"4150","screens",1
"4151","scrum",1
"4152","sdlc",1
"4153","searchable",1
"4154","searches",1
"4155","season",1
"4156","seasonal",1
"4157","seasoned",1
"4158","secondary",1
"4159","sectors",1
"4160","seed",1
"4161","seen",1
"4162","segments",1
"4163","sei",1
"4164","selected",1
"4165","selectionwhat",1
"4166","selectionwho",1
"4167","selects",1
"4168","selling",1
"4169","sells",1
"4170","semi",1
"4171","semiconductor",1
"4172","seminars",1
"4173","sensing",1
"4174","sensitive",1
"4175","seo",1
"4176","sequencing",1
"4177","sequencingdevelop",1
"4178","seriously",1
"4179","served",1
"4180","servedselect",1
"4181","servicesdesign",1
"4182","servicing",1
"4183","setscontribute",1
"4184","setsexperience",1
"4185","setsprovides",1
"4186","seven",1
"4187","seventh",1
"4188","severity",1
"4189","shall",1
"4190","shaped",1
"4191","shapes",1
"4192","shareholder",1
"4193","sharp",1
"4194","sharpened",1
"4195","shell",1
"4196","shifts",1
"4197","shine",1
"4198","shiny",1
"4199","ship",1
"4200","shipbuilder",1
"4201","shipbuilding",1
"4202","ships",1
"4203","short",1
"4204","shortlisted",1
"4205","show",1
"4206","showcase",1
"4207","sigconsult",1
"4208","sigint",1
"4209","sigma",1
"4210","sign",1
"4211","signal",1
"4212","signature",1
"4213","signed",1
"4214","significantly",1
"4215","simple",1
"4216","simplify",1
"4217","simplifying",1
"4218","simply",1
"4219","simulate",1
"4220","simulations",1
"4221","simultaneous",1
"4222","singapore",1
"4223","singh",1
"4224","singular",1
"4225","sis",1
"4226","sitting",1
"4227","situation",1
"4228","sivaram",1
"4229","size",1
"4230","sized",1
"4231","skillsbachelor",1
"4232","skillscity",1
"4233","skillsdata",1
"4234","skillsets",1
"4235","skillsexperience",1
"4236","skillsknowledge",1
"4237","skillsmasters",1
"4238","skillsmastery",1
"4239","skillsminimum",1
"4240","skillspreferred",1
"4241","skillssolid",1
"4242","skillsstrong",1
"4243","skillstop",1
"4244","slack",1
"4245","sleep",1
"4246","sleeves",1
"4247","slides",1
"4248","slq",1
"4249","smallthe",1
"4250","smatarese",1
"4251","sme",1
"4252","smes",1
"4253","smi",1
"4254","snapshot",1
"4255","snccrecruitment",1
"4256","soft",1
"4257","sold",1
"4258","solutionharvesting",1
"4259","solutionscollaborate",1
"4260","solutionscreates",1
"4261","solutionsresponsibilities",1
"4262","solvers",1
"4263","solvingand",1
"4264","somebody",1
"4265","sourceswhat",1
"4266","sourcing",1
"4267","south",1
"4268","spaces",1
"4269","span",1
"4270","spanning",1
"4271","spans",1
"4272","sparklrs",1
"4273","spatial",1
"4274","spatially",1
"4275","speaks",1
"4276","specialization",1
"4277","specialize",1
"4278","specializing",1
"4279","specification",1
"4280","specificationswrite",1
"4281","specify",1
"4282","speech",1
"4283","speed",1
"4284","spending",1
"4285","spins",1
"4286","spirit",1
"4287","spiritual",1
"4288","splunk",1
"4289","spoken",1
"4290","sponsor",1
"4291","sponsors",1
"4292","sponsorships",1
"4293","spontaneous",1
"4294","spousal",1
"4295","spreadsheet",1
"4296","sri",1
"4297","srib",1
"4298","ssee",1
"4299","ssegane",1
"4300","stack",1
"4301","staffqualificationscurrent",1
"4302","stakeholdersrecognizes",1
"4303","stamford",1
"4304","standardization",1
"4305","standardized",1
"4306","standardizing",1
"4307","standardsiv",1
"4308","standing",1
"4309","stanford",1
"4310","stanley",1
"4311","starbucks",1
"4312","starts",1
"4313","startup",1
"4314","startups",1
"4315","stat",1
"4316","statefilings",1
"4317","statementaltec",1
"4318","statementno",1
"4319","statements",1
"4320","stations",1
"4321","statistician",1
"4322","statisticscomfort",1
"4323","statisticsexcellent",1
"4324","stats",1
"4325","stems",1
"4326","stephenminimum",1
"4327","steps",1
"4328","stereo",1
"4329","steward",1
"4330","still",1
"4331","stock",1
"4332","stopso",1
"4333","stored",1
"4334","strategiespartners",1
"4335","strategiesqualifications",1
"4336","strategists",1
"4337","streaming",1
"4338","streamline",1
"4339","streamlines",1
"4340","strengthen",1
"4341","strengthened",1
"4342","strictest",1
"4343","structuring",1
"4344","styles",1
"4345","subcontractors",1
"4346","subjectthis",1
"4347","submitted",1
"4348","subscribing",1
"4349","subsequently",1
"4350","subset",1
"4351","subsets",1
"4352","substance",1
"4353","substantially",1
"4354","succeed",1
"4355","successnone",1
"4356","succinctly",1
"4357","suchas",1
"4358","suffice",1
"4359","suggest",1
"4360","suggesting",1
"4361","suggestions",1
"4362","suitesdevelop",1
"4363","suitland",1
"4364","summaries",1
"4365","summarize",1
"4366","summaryjob",1
"4367","summaryperforms",1
"4368","summaryresponsibilitiesdesign",1
"4369","summarywe",1
"4370","sunrise",1
"4371","sunrisesys",1
"4372","superiors",1
"4373","supervisionkforce",1
"4374","supportive",1
"4375","sure",1
"4376","surgical",1
"4377","surrounding",1
"4378","surveillance",1
"4379","survey",1
"4380","sustainable",1
"4381","svms",1
"4382","syed",1
"4383","symposia",1
"4384","sync",1
"4385","synthesizes",1
"4386","systematic",1
"4387","systemsability",1
"4388","systemsexperience",1
"4389","systemsresponsibilities",1
"4390","systemsserve",1
"4391","tableaumust",1
"4392","tableaupower",1
"4393","tables",1
"4394","tactics",1
"4395","tadvanced",1
"4396","taken",1
"4397","takes",1
"4398","talend",1
"4399","talents",1
"4400","talk",1
"4401","talking",1
"4402","tanalyzes",1
"4403","tasked",1
"4404","tasksadheres",1
"4405","tcombines",1
"4406","tcr",1
"4407","tcreates",1
"4408","tdevelops",1
"4409","teach",1
"4410","teammate",1
"4411","teammotivated",1
"4412","teamqualifications",1
"4413","teamrequirements",1
"4414","teamrequirementsbs",1
"4415","teamsmanage",1
"4416","teamsresponsible",1
"4417","teamunderstand",1
"4418","technician",1
"4419","technicians",1
"4420","technological",1
"4421","telecommunication",1
"4422","telecommunications",1
"4423","telecoms",1
"4424","telephone",1
"4425","telephony",1
"4426","television",1
"4427","temporally",1
"4428","temporarily",1
"4429","ten",1
"4430","tenant",1
"4431","tencor",1
"4432","tenor",1
"4433","tensorflowpreferred",1
"4434","tenth",1
"4435","tenures",1
"4436","terminal",1
"4437","terracecarolinas",1
"4438","terrorism",1
"4439","testability",1
"4440","testable",1
"4441","tested",1
"4442","texasno",1
"4443","texts",1
"4444","textual",1
"4445","themes",1
"4446","theories",1
"4447","therapeutic",1
"4448","therapeutics",1
"4449","therapists",1
"4450","therapy",1
"4451","thereafter",1
"4452","thesis",1
"4453","thousands",1
"4454","threat",1
"4455","threatening",1
"4456","thrive",1
"4457","thrives",1
"4458","throughput",1
"4459","thus",1
"4460","tibco",1
"4461","tickets",1
"4462","tidy",1
"4463","tiers",1
"4464","timefulfill",1
"4465","timelines",1
"4466","timeliness",1
"4467","timelocation",1
"4468","timepaid",1
"4469","timeschedule",1
"4470","timeshift",1
"4471","timeunposting",1
"4472","tips",1
"4473","tmbo",1
"4474","tmj",1
"4475","toddler",1
"4476","toddlers",1
"4477","tolling",1
"4478","tomorrow",1
"4479","tools",1
"4480","toolscombine",1
"4481","toolsets",1
"4482","topeka",1
"4483","tophil",1
"4484","topology",1
"4485","toronto",1
"4486","totally",1
"4487","tough",1
"4488","toughest",1
"4489","town",1
"4490","toxic",1
"4491","tperforms",1
"4492","tposition",1
"4493","traceability",1
"4494","tracked",1
"4495","trade",1
"4496","traded",1
"4497","tradeoffs",1
"4498","traders",1
"4499","trades",1
"4500","trainees",1
"4501","trainers",1
"4502","traits",1
"4503","transaction",1
"4504","transactions",1
"4505","transformational",1
"4506","traveled",1
"4507","traveling",1
"4508","treat",1
"4509","treated",1
"4510","treatment",1
"4511","treatments",1
"4512","treats",1
"4513","tremendous",1
"4514","trended",1
"4515","trendsunderstanding",1
"4516","tries",1
"4517","trifacta",1
"4518","trillions",1
"4519","triple",1
"4520","troubleshoot",1
"4521","true",1
"4522","truly",1
"4523","trusting",1
"4524","tsc",1
"4525","tstrong",1
"4526","tts",1
"4527","turned",1
"4528","turnover",1
"4529","tweaking",1
"4530","txduration",1
"4531","typesdeveloping",1
"4532","typical",1
"4533","ubuntu",1
"4534","unable",1
"4535","uncertainty",1
"4536","unconventional",1
"4537","understandable",1
"4538","undertake",1
"4539","undertaking",1
"4540","underwriters",1
"4541","undue",1
"4542","unfamiliar",1
"4543","unified",1
"4544","unilaterally",1
"4545","uniquely",1
"4546","universal",1
"4547","unless",1
"4548","unlimited",1
"4549","unlocking",1
"4550","unmet",1
"4551","unsure",1
"4552","upcoming",1
"4553","update",1
"4554","updates",1
"4555","updating",1
"4556","updowntown",1
"4557","upgrade",1
"4558","uptake",1
"4559","upward",1
"4560","ursula",1
"4561","usersexperience",1
"4562","utilized",1
"4563","utilizes",1
"4564","validating",1
"4565","valley",1
"4566","valueswhy",1
"4567","valuing",1
"4568","vauto",1
"4569","vbscripting",1
"4570","vendors",1
"4571","venture",1
"4572","ventures",1
"4573","versatile",1
"4574","versed",1
"4575","version",1
"4576","vertica",1
"4577","vertices",1
"4578","vested",1
"4579","vesting",1
"4580","vet",1
"4581","veteranwaste",1
"4582","vets",1
"4583","vevraa",1
"4584","viable",1
"4585","vienna",1
"4586","views",1
"4587","vinsolutions",1
"4588","virtual",1
"4589","virtually",1
"4590","visas",1
"4591","visible",1
"4592","visionbe",1
"4593","visions",1
"4594","visionvoluntary",1
"4595","visited",1
"4596","visualizationsskilled",1
"4597","visually",1
"4598","visuallyability",1
"4599","vital",1
"4600","vlookup",1
"4601","vms",1
"4602","vodafone",1
"4603","voice",1
"4604","wafer",1
"4605","walking",1
"4606","walls",1
"4607","wanting",1
"4608","wants",1
"4609","warehouse",1
"4610","warfare",1
"4611","warrant",1
"4612","warren",1
"4613","wash",1
"4614","waste",1
"4615","watch",1
"4616","wathis",1
"4617","weakness",1
"4618","wealth",1
"4619","wearables",1
"4620","weather",1
"4621","webfocus",1
"4622","weekend",1
"4623","weekstuition",1
"4624","weibull",1
"4625","weka",1
"4626","welcome",1
"4627","welcomed",1
"4628","wellness",1
"4629","westchester",1
"4630","wework",1
"4631","whatever",1
"4632","wherever",1
"4633","whilst",1
"4634","white",1
"4635","whiz",1
"4636","wholesale",1
"4637","wholly",1
"4638","whose",1
"4639","wider",1
"4640","widuration",1
"4641","wii",1
"4642","william",1
"4643","willunderstand",1
"4644","wishing",1
"4645","wnba",1
"4646","women",1
"4647","won",1
"4648","words",1
"4649","workable",1
"4650","worker",1
"4651","workexperience",1
"4652","workflow",1
"4653","workloads",1
"4654","workplace",1
"4655","worlds",1
"4656","worldwidepioneer",1
"4657","wrap",1
"4658","wrong",1
"4659","xtime",1
"4660","yearsinterested",1
"4661","youcompetitive",1
"4662","young",1
"4663","yum",1
"4664","zelda",1
"4665","zeppelin",1
"4666","zipline",1
"4667","zookeeper",1
"4668","zoomdata",1
